,choice,Hidden Layer(# of neurons),Hidden Layer(# of layers),Hidden Layer(Activation Fn),Output Layer(Activation Fn),Optimizer,Learning Rate,epoch,loss,accuracy
0,1,"11,8,6",3,sigmoid,sigmoid,Adadelta,0.001,20,0.7241349762986931,0.4961734712123871
1,2,"11,8,6",3,sigmoid,sigmoid,Adadelta,0.01,20,0.7223219506594599,0.5038265585899353
2,3,"11,8,6",3,sigmoid,sigmoid,Adadelta,0.1,20,0.7301809829857137,0.5038265585899353
3,4,"11,8,6",3,sigmoid,sigmoid,Adagrad,0.001,20,0.7042380237317347,0.4961734712123871
4,5,"11,8,6",3,sigmoid,sigmoid,Adagrad,0.01,20,0.6926140270577495,0.6287283897399902
5,6,"11,8,6",3,sigmoid,sigmoid,Adagrad,0.1,20,0.6925556199329801,0.5038265585899353
6,7,"11,8,6",3,sigmoid,sigmoid,Adam,0.001,20,0.6720285571912769,0.6537480354309082
7,8,"11,8,6",3,sigmoid,sigmoid,Adam,0.01,20,0.6826406050140106,0.6335361003875732
8,9,"11,8,6",3,sigmoid,sigmoid,Adam,0.1,20,0.6917243930196837,0.6256868243217468
9,10,"11,8,6",3,sigmoid,sigmoid,Adamax,0.001,20,0.6916799739915498,0.5038265585899353
10,11,"11,8,6",3,sigmoid,sigmoid,Adamax,0.01,20,0.6911899478319489,0.5858516693115234
11,12,"11,8,6",3,sigmoid,sigmoid,Adamax,0.1,20,0.6921655618976013,0.5206043720245361
12,13,"11,8,6",3,sigmoid,sigmoid,Ftrl,0.001,20,0.6932757568883372,0.4961734712123871
13,14,"11,8,6",3,sigmoid,sigmoid,Ftrl,0.01,20,0.6931607901956447,0.4961734712123871
14,15,"11,8,6",3,sigmoid,sigmoid,Ftrl,0.1,20,0.6933083872967275,0.5038265585899353
15,16,"11,8,6",3,sigmoid,sigmoid,Nadam,0.001,20,0.6388524755765355,0.6572802066802979
16,17,"11,8,6",3,sigmoid,sigmoid,Nadam,0.01,20,0.6482030357259034,0.6578689217567444
17,18,"11,8,6",3,sigmoid,sigmoid,Nadam,0.1,20,0.6592086451581359,0.6346153616905212
18,19,"11,8,6",3,sigmoid,sigmoid,RMSprop,0.001,20,0.6613859617541686,0.6439363956451416
19,20,"11,8,6",3,sigmoid,sigmoid,RMSprop,0.01,20,0.6769985385367784,0.6377550959587097
20,21,"11,8,6",3,sigmoid,sigmoid,RMSprop,0.1,20,0.6686820586210518,0.643740177154541
21,22,"11,8,6",3,sigmoid,sigmoid,SGD,0.001,20,0.6926127290426282,0.5038265585899353
22,23,"11,8,6",3,sigmoid,sigmoid,SGD,0.01,20,0.6935899368073539,0.5038265585899353
23,24,"11,8,6",3,sigmoid,sigmoid,SGD,0.1,20,0.6928115525462751,0.5713304281234741
24,25,"11,8,6",3,sigmoid,tanh,Adadelta,0.001,20,1.3644706473058583,0.5038265585899353
25,26,"11,8,6",3,sigmoid,tanh,Adadelta,0.01,20,7.6534501933602375,0.5038265585899353
26,27,"11,8,6",3,sigmoid,tanh,Adadelta,0.1,20,0.7886295326089185,0.4961734712123871
27,28,"11,8,6",3,sigmoid,tanh,Adagrad,0.001,20,7.6534501933602375,0.5038265585899353
28,29,"11,8,6",3,sigmoid,tanh,Adagrad,0.01,20,0.7915195982721949,0.4961734712123871
29,30,"11,8,6",3,sigmoid,tanh,Adagrad,0.1,20,7.6534501933602375,0.5038265585899353
30,31,"11,8,6",3,sigmoid,tanh,Adam,0.001,20,0.6792521259661185,0.6391287446022034
31,32,"11,8,6",3,sigmoid,tanh,Adam,0.01,20,7.6534501933602375,0.5038265585899353
32,33,"11,8,6",3,sigmoid,tanh,Adam,0.1,20,7.6534501933602375,0.5038265585899353
33,34,"11,8,6",3,sigmoid,tanh,Adamax,0.001,20,7.6534501933602375,0.5038265585899353
34,35,"11,8,6",3,sigmoid,tanh,Adamax,0.01,20,0.6813658541375465,0.6341248154640198
35,36,"11,8,6",3,sigmoid,tanh,Adamax,0.1,20,7.6534501933602375,0.5038265585899353
36,37,"11,8,6",3,sigmoid,tanh,Ftrl,0.001,20,0.8108412011451961,0.5038265585899353
37,38,"11,8,6",3,sigmoid,tanh,Ftrl,0.01,20,7.6534501933602375,0.5038265585899353
38,39,"11,8,6",3,sigmoid,tanh,Ftrl,0.1,20,7.6534501933602375,0.5038265585899353
39,40,"11,8,6",3,sigmoid,tanh,Nadam,0.001,20,7.6534501933602375,0.5038265585899353
40,41,"11,8,6",3,sigmoid,tanh,Nadam,0.01,20,7.6534501933602375,0.5038265585899353
41,42,"11,8,6",3,sigmoid,tanh,Nadam,0.1,20,7.6534501933602375,0.5038265585899353
42,43,"11,8,6",3,sigmoid,tanh,RMSprop,0.001,20,7.6534501933602375,0.5038265585899353
43,44,"11,8,6",3,sigmoid,tanh,RMSprop,0.01,20,7.6534501933602375,0.5038265585899353
44,45,"11,8,6",3,sigmoid,tanh,RMSprop,0.1,20,7.6534501933602375,0.5038265585899353
45,46,"11,8,6",3,sigmoid,tanh,SGD,0.001,20,0.6934354405388166,0.4664442837238312
46,47,"11,8,6",3,sigmoid,tanh,SGD,0.01,20,0.6945950077317387,0.4375
47,48,"11,8,6",3,sigmoid,tanh,SGD,0.1,20,0.6913687379992738,0.5910518169403076
48,49,"11,8,6",3,sigmoid,relu,Adadelta,0.001,20,7.6534501933602375,0.5038265585899353
49,50,"11,8,6",3,sigmoid,relu,Adadelta,0.01,20,0.7636776166957814,0.4961734712123871
50,51,"11,8,6",3,sigmoid,relu,Adadelta,0.1,20,0.7611740522519386,0.5038265585899353
51,52,"11,8,6",3,sigmoid,relu,Adagrad,0.001,20,7.6534501933602375,0.5038265585899353
52,53,"11,8,6",3,sigmoid,relu,Adagrad,0.01,20,7.725292321838427,0.4961734712123871
53,54,"11,8,6",3,sigmoid,relu,Adagrad,0.1,20,7.6534501933602375,0.5038265585899353
54,55,"11,8,6",3,sigmoid,relu,Adam,0.001,20,7.6534501933602375,0.5038265585899353
55,56,"11,8,6",3,sigmoid,relu,Adam,0.01,20,7.6534501933602375,0.5038265585899353
56,57,"11,8,6",3,sigmoid,relu,Adam,0.1,20,7.6534501933602375,0.5038265585899353
57,58,"11,8,6",3,sigmoid,relu,Adamax,0.001,20,7.6534501933602375,0.5038265585899353
58,59,"11,8,6",3,sigmoid,relu,Adamax,0.01,20,7.725292321838427,0.4961734712123871
59,60,"11,8,6",3,sigmoid,relu,Adamax,0.1,20,0.6894773723004939,0.5691719055175781
60,61,"11,8,6",3,sigmoid,relu,Ftrl,0.001,20,7.6534501933602375,0.5038265585899353
61,62,"11,8,6",3,sigmoid,relu,Ftrl,0.01,20,0.8384949337556561,0.5038265585899353
62,63,"11,8,6",3,sigmoid,relu,Ftrl,0.1,20,7.6534501933602375,0.5038265585899353
63,64,"11,8,6",3,sigmoid,relu,Nadam,0.001,20,0.6914362954195103,0.5990973114967346
64,65,"11,8,6",3,sigmoid,relu,Nadam,0.01,20,0.6645258507885776,0.646291196346283
65,66,"11,8,6",3,sigmoid,relu,Nadam,0.1,20,0.6574860938489905,0.6518838405609131
66,67,"11,8,6",3,sigmoid,relu,RMSprop,0.001,20,0.6481557582948047,0.6480572819709778
67,68,"11,8,6",3,sigmoid,relu,RMSprop,0.01,20,7.6534501933602375,0.5038265585899353
68,69,"11,8,6",3,sigmoid,relu,RMSprop,0.1,20,0.6422652375754232,0.6463893055915833
69,70,"11,8,6",3,sigmoid,relu,SGD,0.001,20,7.6534501933602375,0.5038265585899353
70,71,"11,8,6",3,sigmoid,relu,SGD,0.01,20,0.6915934679085269,0.5835949778556824
71,72,"11,8,6",3,sigmoid,relu,SGD,0.1,20,7.6534501933602375,0.5038265585899353
72,73,"11,8,6",3,tanh,sigmoid,Adadelta,0.001,20,0.706625470374031,0.49146389961242676
73,74,"11,8,6",3,tanh,sigmoid,Adadelta,0.01,20,0.7475988933205417,0.4931318759918213
74,75,"11,8,6",3,tanh,sigmoid,Adadelta,0.1,20,0.7832773130392916,0.5044152140617371
75,76,"11,8,6",3,tanh,sigmoid,Adagrad,0.001,20,0.6568887353504845,0.6213697195053101
76,77,"11,8,6",3,tanh,sigmoid,Adagrad,0.01,20,0.6769131427657099,0.6096938848495483
77,78,"11,8,6",3,tanh,sigmoid,Adagrad,0.1,20,0.6766318057545313,0.5770211815834045
78,79,"11,8,6",3,tanh,sigmoid,Adam,0.001,20,0.5687466577233474,0.708791196346283
79,80,"11,8,6",3,tanh,sigmoid,Adam,0.01,20,0.5577717672337542,0.7193877696990967
80,81,"11,8,6",3,tanh,sigmoid,Adam,0.1,20,0.5565184300510999,0.721644401550293
81,82,"11,8,6",3,tanh,sigmoid,Adamax,0.001,20,0.5859751517020365,0.6902472376823425
82,83,"11,8,6",3,tanh,sigmoid,Adamax,0.01,20,0.5904378999533422,0.6871075630187988
83,84,"11,8,6",3,tanh,sigmoid,Adamax,0.1,20,0.6051217617943673,0.6770997047424316
84,85,"11,8,6",3,tanh,sigmoid,Ftrl,0.001,20,0.6931379305511666,0.5038265585899353
85,86,"11,8,6",3,tanh,sigmoid,Ftrl,0.01,20,0.6931363279628604,0.5038265585899353
86,87,"11,8,6",3,tanh,sigmoid,Ftrl,0.1,20,0.6931362896923742,0.5038265585899353
87,88,"11,8,6",3,tanh,sigmoid,Nadam,0.001,20,0.5528650154685675,0.721644401550293
88,89,"11,8,6",3,tanh,sigmoid,Nadam,0.01,20,0.5483810581629467,0.7212519645690918
89,90,"11,8,6",3,tanh,sigmoid,Nadam,0.1,20,0.5569320932100856,0.7195839881896973
90,91,"11,8,6",3,tanh,sigmoid,RMSprop,0.001,20,0.5635108370421633,0.7178179025650024
91,92,"11,8,6",3,tanh,sigmoid,RMSprop,0.01,20,0.5609343222209385,0.7137951254844666
92,93,"11,8,6",3,tanh,sigmoid,RMSprop,0.1,20,0.5505458622749784,0.7170329689979553
93,94,"11,8,6",3,tanh,sigmoid,SGD,0.001,20,0.6750548748618205,0.5910518169403076
94,95,"11,8,6",3,tanh,sigmoid,SGD,0.01,20,0.6497832740681886,0.6304945349693298
95,96,"11,8,6",3,tanh,sigmoid,SGD,0.1,20,0.6915721887696294,0.5214874148368835
96,97,"11,8,6",3,tanh,tanh,Adadelta,0.001,20,7.497208936622416,0.5037283897399902
97,98,"11,8,6",3,tanh,tanh,Adadelta,0.01,20,0.7573718659731806,0.5441522598266602
98,99,"11,8,6",3,tanh,tanh,Adadelta,0.1,20,0.7940188220569065,0.43916797637939453
99,100,"11,8,6",3,tanh,tanh,Adagrad,0.001,20,0.7587456791142654,0.5688775777816772
100,101,"11,8,6",3,tanh,tanh,Adagrad,0.01,20,0.7685590632482077,0.5500392317771912
101,102,"11,8,6",3,tanh,tanh,Adagrad,0.1,20,1.834317577689933,0.4028649926185608
102,103,"11,8,6",3,tanh,tanh,Adam,0.001,20,0.6337709589693198,0.6436420679092407
103,104,"11,8,6",3,tanh,tanh,Adam,0.01,20,0.58343800027479,0.6974097490310669
104,105,"11,8,6",3,tanh,tanh,Adam,0.1,20,0.6611624192592674,0.5956632494926453
105,106,"11,8,6",3,tanh,tanh,Adamax,0.001,20,2.341987375374679,0.5124607682228088
106,107,"11,8,6",3,tanh,tanh,Adamax,0.01,20,0.7353162225599005,0.5456240177154541
107,108,"11,8,6",3,tanh,tanh,Adamax,0.1,20,1.0612830722724997,0.5237441062927246
108,109,"11,8,6",3,tanh,tanh,Ftrl,0.001,20,1.8957811777408307,0.5038265585899353
109,110,"11,8,6",3,tanh,tanh,Ftrl,0.01,20,7.6534501933602375,0.5038265585899353
110,111,"11,8,6",3,tanh,tanh,Ftrl,0.1,20,7.6534501933602375,0.5038265585899353
111,112,"11,8,6",3,tanh,tanh,Nadam,0.001,20,0.6456989180910718,0.6234301328659058
112,113,"11,8,6",3,tanh,tanh,Nadam,0.01,20,0.6029920892401056,0.6817111372947693
113,114,"11,8,6",3,tanh,tanh,Nadam,0.1,20,0.6379537384962923,0.6550235748291016
114,115,"11,8,6",3,tanh,tanh,RMSprop,0.001,20,0.5770782825523868,0.7120290398597717
115,116,"11,8,6",3,tanh,tanh,RMSprop,0.01,20,0.5798484180561227,0.6980965733528137
116,117,"11,8,6",3,tanh,tanh,RMSprop,0.1,20,0.5804433440862683,0.709968626499176
117,118,"11,8,6",3,tanh,tanh,SGD,0.001,20,0.5982562979124779,0.6782770752906799
118,119,"11,8,6",3,tanh,tanh,SGD,0.01,20,0.6162215167162369,0.6708202362060547
119,120,"11,8,6",3,tanh,tanh,SGD,0.1,20,0.621886379209755,0.659144401550293
120,121,"11,8,6",3,tanh,relu,Adadelta,0.001,20,5.581179323900064,0.4979395568370819
121,122,"11,8,6",3,tanh,relu,Adadelta,0.01,20,5.739636365809658,0.5051020383834839
122,123,"11,8,6",3,tanh,relu,Adadelta,0.1,20,7.307988730480009,0.5038265585899353
123,124,"11,8,6",3,tanh,relu,Adagrad,0.001,20,0.8411066940104007,0.632358729839325
124,125,"11,8,6",3,tanh,relu,Adagrad,0.01,20,1.6833628876430087,0.4177786409854889
125,126,"11,8,6",3,tanh,relu,Adagrad,0.1,20,0.716485399092011,0.5156986117362976
126,127,"11,8,6",3,tanh,relu,Adam,0.001,20,0.7489228844642639,0.46006670594215393
127,128,"11,8,6",3,tanh,relu,Adam,0.01,20,0.6075430745419752,0.6649332642555237
128,129,"11,8,6",3,tanh,relu,Adam,0.1,20,0.6775187575835823,0.576432466506958
129,130,"11,8,6",3,tanh,relu,Adamax,0.001,20,0.70678434173578,0.530906617641449
130,131,"11,8,6",3,tanh,relu,Adamax,0.01,20,0.7241240175590036,0.5734890103340149
131,132,"11,8,6",3,tanh,relu,Adamax,0.1,20,0.8813519712707124,0.5891876220703125
132,133,"11,8,6",3,tanh,relu,Ftrl,0.001,20,1.0968303747790948,0.5038265585899353
133,134,"11,8,6",3,tanh,relu,Ftrl,0.01,20,1.7696231751464413,0.5038265585899353
134,135,"11,8,6",3,tanh,relu,Ftrl,0.1,20,1.7910056887092172,0.5038265585899353
135,136,"11,8,6",3,tanh,relu,Nadam,0.001,20,0.6607114619325432,0.6104788184165955
136,137,"11,8,6",3,tanh,relu,Nadam,0.01,20,0.6232297282952529,0.6514913439750671
137,138,"11,8,6",3,tanh,relu,Nadam,0.1,20,0.6821872931634613,0.5702511668205261
138,139,"11,8,6",3,tanh,relu,RMSprop,0.001,20,0.5768576896920496,0.7020211815834045
139,140,"11,8,6",3,tanh,relu,RMSprop,0.01,20,0.5668632195358935,0.7104591727256775
140,141,"11,8,6",3,tanh,relu,RMSprop,0.1,20,0.5669602519676112,0.712127149105072
141,142,"11,8,6",3,tanh,relu,SGD,0.001,20,7.725292321838427,0.4961734712123871
142,143,"11,8,6",3,tanh,relu,SGD,0.01,20,0.5869813032764093,0.6961342096328735
143,144,"11,8,6",3,tanh,relu,SGD,0.1,20,0.6225896880989733,0.6450157165527344
144,145,"11,8,6",3,relu,sigmoid,Adadelta,0.001,20,0.6961186204450658,0.509517252445221
145,146,"11,8,6",3,relu,sigmoid,Adadelta,0.01,20,0.6965085486976468,0.49450549483299255
146,147,"11,8,6",3,relu,sigmoid,Adadelta,0.1,20,0.699206661579186,0.4952904284000397
147,148,"11,8,6",3,relu,sigmoid,Adagrad,0.001,20,0.6788882334340872,0.5916405320167542
148,149,"11,8,6",3,relu,sigmoid,Adagrad,0.01,20,0.686544234936054,0.5512166619300842
149,150,"11,8,6",3,relu,sigmoid,Adagrad,0.1,20,0.6875344673917282,0.5843799114227295
150,151,"11,8,6",3,relu,sigmoid,Adam,0.001,20,0.565886641503129,0.706632673740387
151,152,"11,8,6",3,relu,sigmoid,Adam,0.01,20,0.610330325093711,0.6812205910682678
152,153,"11,8,6",3,relu,sigmoid,Adam,0.1,20,0.537915572828176,0.7300823926925659
153,154,"11,8,6",3,relu,sigmoid,Adamax,0.001,20,0.6250369247499403,0.6534537076950073
154,155,"11,8,6",3,relu,sigmoid,Adamax,0.01,20,0.6330701352288622,0.6450157165527344
155,156,"11,8,6",3,relu,sigmoid,Adamax,0.1,20,0.6448307006475128,0.6519819498062134
156,157,"11,8,6",3,relu,sigmoid,Ftrl,0.001,20,0.6931383203674149,0.5038265585899353
157,158,"11,8,6",3,relu,sigmoid,Ftrl,0.01,20,0.6931369300914147,0.5038265585899353
158,159,"11,8,6",3,relu,sigmoid,Ftrl,0.1,20,0.6931366436709788,0.5038265585899353
159,160,"11,8,6",3,relu,sigmoid,Nadam,0.001,20,0.5529686673844066,0.7219387888908386
160,161,"11,8,6",3,relu,sigmoid,Nadam,0.01,20,0.5826873047572665,0.7150706648826599
161,162,"11,8,6",3,relu,sigmoid,Nadam,0.1,20,0.521535357931158,0.7432299852371216
162,163,"11,8,6",3,relu,sigmoid,RMSprop,0.001,20,0.5965859343062391,0.6817111372947693
163,164,"11,8,6",3,relu,sigmoid,RMSprop,0.01,20,0.564649623735359,0.7163461446762085
164,165,"11,8,6",3,relu,sigmoid,RMSprop,0.1,20,0.5684990854802274,0.7071232199668884
165,166,"11,8,6",3,relu,sigmoid,SGD,0.001,20,0.6867769520548487,0.5723116397857666
166,167,"11,8,6",3,relu,sigmoid,SGD,0.01,20,0.6835027861071157,0.5883045792579651
167,168,"11,8,6",3,relu,sigmoid,SGD,0.1,20,0.6772082018515378,0.5972331166267395
168,169,"11,8,6",3,relu,tanh,Adadelta,0.001,20,3.239055265998541,0.5038265585899353
169,170,"11,8,6",3,relu,tanh,Adadelta,0.01,20,3.7721402180999566,0.5038265585899353
170,171,"11,8,6",3,relu,tanh,Adadelta,0.1,20,6.438103554574436,0.5038265585899353
171,172,"11,8,6",3,relu,tanh,Adagrad,0.001,20,0.6915222170588734,0.5657378435134888
172,173,"11,8,6",3,relu,tanh,Adagrad,0.01,20,1.9147630078451974,0.5039246678352356
173,174,"11,8,6",3,relu,tanh,Adagrad,0.1,20,0.7089802973685871,0.5247252583503723
174,175,"11,8,6",3,relu,tanh,Adam,0.001,20,0.6681735083297059,0.5874215364456177
175,176,"11,8,6",3,relu,tanh,Adam,0.01,20,0.5901146766903637,0.6949568390846252
176,177,"11,8,6",3,relu,tanh,Adam,0.1,20,0.6365567501897528,0.6310831904411316
177,178,"11,8,6",3,relu,tanh,Adamax,0.001,20,7.6534501933602375,0.5038265585899353
178,179,"11,8,6",3,relu,tanh,Adamax,0.01,20,7.6534501933602375,0.5038265585899353
179,180,"11,8,6",3,relu,tanh,Adamax,0.1,20,0.7412134397722301,0.5685831904411316
180,181,"11,8,6",3,relu,tanh,Ftrl,0.001,20,1.7327090806826317,0.5038265585899353
181,182,"11,8,6",3,relu,tanh,Ftrl,0.01,20,1.2328705297347329,0.5038265585899353
182,183,"11,8,6",3,relu,tanh,Ftrl,0.1,20,1.6049057050627105,0.5038265585899353
183,184,"11,8,6",3,relu,tanh,Nadam,0.001,20,7.6534501933602375,0.5038265585899353
184,185,"11,8,6",3,relu,tanh,Nadam,0.01,20,0.6209662734432909,0.659144401550293
185,186,"11,8,6",3,relu,tanh,Nadam,0.1,20,0.6334623055330812,0.6518838405609131
186,187,"11,8,6",3,relu,tanh,RMSprop,0.001,20,0.5631171444334452,0.7154631018638611
187,188,"11,8,6",3,relu,tanh,RMSprop,0.01,20,0.5792995333858711,0.7023155689239502
188,189,"11,8,6",3,relu,tanh,RMSprop,0.1,20,0.584353581983216,0.6824960708618164
189,190,"11,8,6",3,relu,tanh,SGD,0.001,20,0.6708046163270013,0.5888932347297668
190,191,"11,8,6",3,relu,tanh,SGD,0.01,20,0.6113841070485078,0.6581632494926453
191,192,"11,8,6",3,relu,tanh,SGD,0.1,20,0.6533132874797241,0.6216640472412109
192,193,"11,8,6",3,relu,relu,Adadelta,0.001,20,1.4155656005748587,0.4552590250968933
193,194,"11,8,6",3,relu,relu,Adadelta,0.01,20,3.259299041337832,0.5038265585899353
194,195,"11,8,6",3,relu,relu,Adadelta,0.1,20,3.3389638866322757,0.5038265585899353
195,196,"11,8,6",3,relu,relu,Adagrad,0.001,20,1.4763527399329601,0.5038265585899353
196,197,"11,8,6",3,relu,relu,Adagrad,0.01,20,1.6474730500620987,0.5038265585899353
197,198,"11,8,6",3,relu,relu,Adagrad,0.1,20,7.6534501933602375,0.5038265585899353
198,199,"11,8,6",3,relu,relu,Adam,0.001,20,7.6534501933602375,0.5038265585899353
199,200,"11,8,6",3,relu,relu,Adam,0.01,20,0.577149971407287,0.6988814473152161
200,201,"11,8,6",3,relu,relu,Adam,0.1,20,7.6534501933602375,0.5038265585899353
201,202,"11,8,6",3,relu,relu,Adamax,0.001,20,0.6885485879293229,0.569466233253479
202,203,"11,8,6",3,relu,relu,Adamax,0.01,20,1.2881336444213962,0.5034340620040894
203,204,"11,8,6",3,relu,relu,Adamax,0.1,20,0.60647890874692,0.6774921417236328
204,205,"11,8,6",3,relu,relu,Ftrl,0.001,20,1.913822512424535,0.5038265585899353
205,206,"11,8,6",3,relu,relu,Ftrl,0.01,20,1.2103820301861365,0.5038265585899353
206,207,"11,8,6",3,relu,relu,Ftrl,0.1,20,1.3530264392939617,0.5038265585899353
207,208,"11,8,6",3,relu,relu,Nadam,0.001,20,0.589801663038682,0.6957417726516724
208,209,"11,8,6",3,relu,relu,Nadam,0.01,20,0.6457343653569603,0.6321624517440796
209,210,"11,8,6",3,relu,relu,Nadam,0.1,20,0.5954876802218391,0.6819073557853699
210,211,"11,8,6",3,relu,relu,RMSprop,0.001,20,0.5730338267853347,0.7063382863998413
211,212,"11,8,6",3,relu,relu,RMSprop,0.01,20,0.5910141591561645,0.6770015954971313
212,213,"11,8,6",3,relu,relu,RMSprop,0.1,20,0.5609959847698781,0.7177197933197021
213,214,"11,8,6",3,relu,relu,SGD,0.001,20,0.6513994765618533,0.6077315807342529
214,215,"11,8,6",3,relu,relu,SGD,0.01,20,0.6613885864170979,0.5939952731132507
215,216,"11,8,6",3,relu,relu,SGD,0.1,20,0.611580415741428,0.6726844310760498
216,217,"6,6",2,sigmoid,sigmoid,Adadelta,0.001,20,0.6963382178984782,0.5038265585899353
217,218,"6,6",2,sigmoid,sigmoid,Adadelta,0.01,20,0.7115362266917805,0.4961734712123871
218,219,"6,6",2,sigmoid,sigmoid,Adadelta,0.1,20,0.8497205982028596,0.5038265585899353
219,220,"6,6",2,sigmoid,sigmoid,Adagrad,0.001,20,0.7002963941175859,0.4961734712123871
220,221,"6,6",2,sigmoid,sigmoid,Adagrad,0.01,20,0.6916852924662819,0.5038265585899353
221,222,"6,6",2,sigmoid,sigmoid,Adagrad,0.1,20,0.6990258973471972,0.5038265585899353
222,223,"6,6",2,sigmoid,sigmoid,Adam,0.001,20,0.6560654988281394,0.6504120826721191
223,224,"6,6",2,sigmoid,sigmoid,Adam,0.01,20,0.6511082805494312,0.6534537076950073
224,225,"6,6",2,sigmoid,sigmoid,Adam,0.1,20,0.6758070690104127,0.638245701789856
225,226,"6,6",2,sigmoid,sigmoid,Adamax,0.001,20,0.6859080340461791,0.6166601181030273
226,227,"6,6",2,sigmoid,sigmoid,Adamax,0.01,20,0.6829316180953799,0.5991954207420349
227,228,"6,6",2,sigmoid,sigmoid,Adamax,0.1,20,0.6852940824379914,0.6119505763053894
228,229,"6,6",2,sigmoid,sigmoid,Ftrl,0.001,20,0.6931382561777975,0.5038265585899353
229,230,"6,6",2,sigmoid,sigmoid,Ftrl,0.01,20,0.6931541244875131,0.4961734712123871
230,231,"6,6",2,sigmoid,sigmoid,Ftrl,0.1,20,0.6931367888929706,0.5038265585899353
231,232,"6,6",2,sigmoid,sigmoid,Nadam,0.001,20,0.661054384858118,0.65070641040802
232,233,"6,6",2,sigmoid,sigmoid,Nadam,0.01,20,0.6709276732507643,0.6423665881156921
233,234,"6,6",2,sigmoid,sigmoid,Nadam,0.1,20,0.6554158242007065,0.6410910487174988
234,235,"6,6",2,sigmoid,sigmoid,RMSprop,0.001,20,0.6863889627778549,0.6185243129730225
235,236,"6,6",2,sigmoid,sigmoid,RMSprop,0.01,20,0.6684501334861085,0.6258830428123474
236,237,"6,6",2,sigmoid,sigmoid,RMSprop,0.1,20,0.6760772392738558,0.6372645497322083
237,238,"6,6",2,sigmoid,sigmoid,SGD,0.001,20,0.6937481798407047,0.4961734712123871
238,239,"6,6",2,sigmoid,sigmoid,SGD,0.01,20,0.6936757571094638,0.5027472376823425
239,240,"6,6",2,sigmoid,sigmoid,SGD,0.1,20,0.6901124494977798,0.6035125851631165
240,241,"6,6",2,sigmoid,tanh,Adadelta,0.001,20,0.7964504532387343,0.4961734712123871
241,242,"6,6",2,sigmoid,tanh,Adadelta,0.01,20,1.352160722531928,0.5038265585899353
242,243,"6,6",2,sigmoid,tanh,Adadelta,0.1,20,0.7545758760892428,0.4961734712123871
243,244,"6,6",2,sigmoid,tanh,Adagrad,0.001,20,7.6534501933602375,0.5038265585899353
244,245,"6,6",2,sigmoid,tanh,Adagrad,0.01,20,0.6782065309946728,0.6105769276618958
245,246,"6,6",2,sigmoid,tanh,Adagrad,0.1,20,1.2402103337425638,0.5038265585899353
246,247,"6,6",2,sigmoid,tanh,Adam,0.001,20,7.6534501933602375,0.5038265585899353
247,248,"6,6",2,sigmoid,tanh,Adam,0.01,20,0.7519144122978582,0.5038265585899353
248,249,"6,6",2,sigmoid,tanh,Adam,0.1,20,0.6807880798351821,0.6166601181030273
249,250,"6,6",2,sigmoid,tanh,Adamax,0.001,20,7.6534501933602375,0.5038265585899353
250,251,"6,6",2,sigmoid,tanh,Adamax,0.01,20,0.6700917682617762,0.6400117874145508
251,252,"6,6",2,sigmoid,tanh,Adamax,0.1,20,7.6534501933602375,0.5038265585899353
252,253,"6,6",2,sigmoid,tanh,Ftrl,0.001,20,7.6534501933602375,0.5038265585899353
253,254,"6,6",2,sigmoid,tanh,Ftrl,0.01,20,0.8070426780724638,0.5038265585899353
254,255,"6,6",2,sigmoid,tanh,Ftrl,0.1,20,0.8417117576022725,0.5038265585899353
255,256,"6,6",2,sigmoid,tanh,Nadam,0.001,20,7.6534501933602375,0.5038265585899353
256,257,"6,6",2,sigmoid,tanh,Nadam,0.01,20,0.6754719778731629,0.6122449040412903
257,258,"6,6",2,sigmoid,tanh,Nadam,0.1,20,0.6982110423420438,0.5038265585899353
258,259,"6,6",2,sigmoid,tanh,RMSprop,0.001,20,0.646509566711294,0.6519819498062134
259,260,"6,6",2,sigmoid,tanh,RMSprop,0.01,20,0.6282629855386503,0.6488422155380249
260,261,"6,6",2,sigmoid,tanh,RMSprop,0.1,20,0.6402719954680798,0.641581654548645
261,262,"6,6",2,sigmoid,tanh,SGD,0.001,20,7.6534501933602375,0.5038265585899353
262,263,"6,6",2,sigmoid,tanh,SGD,0.01,20,0.6888181317357852,0.5484693646430969
263,264,"6,6",2,sigmoid,tanh,SGD,0.1,20,0.692651224192495,0.5075549483299255
264,265,"6,6",2,sigmoid,relu,Adadelta,0.001,20,0.7432264746451864,0.5038265585899353
265,266,"6,6",2,sigmoid,relu,Adadelta,0.01,20,7.6534501933602375,0.5038265585899353
266,267,"6,6",2,sigmoid,relu,Adadelta,0.1,20,0.692974599414568,0.5037283897399902
267,268,"6,6",2,sigmoid,relu,Adagrad,0.001,20,0.688562713294426,0.5425823926925659
268,269,"6,6",2,sigmoid,relu,Adagrad,0.01,20,7.6534501933602375,0.5038265585899353
269,270,"6,6",2,sigmoid,relu,Adagrad,0.1,20,7.6534501933602375,0.5038265585899353
270,271,"6,6",2,sigmoid,relu,Adam,0.001,20,0.6289622448677171,0.6438382863998413
271,272,"6,6",2,sigmoid,relu,Adam,0.01,20,7.6534501933602375,0.5038265585899353
272,273,"6,6",2,sigmoid,relu,Adam,0.1,20,0.6594221777219788,0.6383438110351562
273,274,"6,6",2,sigmoid,relu,Adamax,0.001,20,0.6706431177759096,0.641581654548645
274,275,"6,6",2,sigmoid,relu,Adamax,0.01,20,7.6534501933602375,0.5038265585899353
275,276,"6,6",2,sigmoid,relu,Adamax,0.1,20,0.6777664739258435,0.6311812996864319
276,277,"6,6",2,sigmoid,relu,Ftrl,0.001,20,7.6534501933602375,0.5038265585899353
277,278,"6,6",2,sigmoid,relu,Ftrl,0.01,20,7.6534501933602375,0.5038265585899353
278,279,"6,6",2,sigmoid,relu,Ftrl,0.1,20,7.6534501933602375,0.5038265585899353
279,280,"6,6",2,sigmoid,relu,Nadam,0.001,20,0.8907155105420147,0.5038265585899353
280,281,"6,6",2,sigmoid,relu,Nadam,0.01,20,0.6536886308406549,0.6371663808822632
281,282,"6,6",2,sigmoid,relu,Nadam,0.1,20,0.6751404715295489,0.6305926442146301
282,283,"6,6",2,sigmoid,relu,RMSprop,0.001,20,7.725292321838427,0.4961734712123871
283,284,"6,6",2,sigmoid,relu,RMSprop,0.01,20,7.6534501933602375,0.5038265585899353
284,285,"6,6",2,sigmoid,relu,RMSprop,0.1,20,7.6534501933602375,0.5038265585899353
285,286,"6,6",2,sigmoid,relu,SGD,0.001,20,7.6534501933602375,0.5038265585899353
286,287,"6,6",2,sigmoid,relu,SGD,0.01,20,7.6534501933602375,0.5038265585899353
287,288,"6,6",2,sigmoid,relu,SGD,0.1,20,0.6866228079870694,0.5616169571876526
288,289,"6,6",2,tanh,sigmoid,Adadelta,0.001,20,0.795581977165288,0.45104002952575684
289,290,"6,6",2,tanh,sigmoid,Adadelta,0.01,20,0.7043809147794355,0.5148155689239502
290,291,"6,6",2,tanh,sigmoid,Adadelta,0.1,20,0.7554139435010577,0.5303179025650024
291,292,"6,6",2,tanh,sigmoid,Adagrad,0.001,20,0.6739468127255163,0.5973312258720398
292,293,"6,6",2,tanh,sigmoid,Adagrad,0.01,20,0.682455274523521,0.586047887802124
293,294,"6,6",2,tanh,sigmoid,Adagrad,0.1,20,0.7517006430932828,0.4403453767299652
294,295,"6,6",2,tanh,sigmoid,Adam,0.001,20,0.5903621621932864,0.6875981092453003
295,296,"6,6",2,tanh,sigmoid,Adam,0.01,20,0.5901090968721889,0.6875
296,297,"6,6",2,tanh,sigmoid,Adam,0.1,20,0.5842687819778826,0.6919152140617371
297,298,"6,6",2,tanh,sigmoid,Adamax,0.001,20,0.6255802217420641,0.6713108420372009
298,299,"6,6",2,tanh,sigmoid,Adamax,0.01,20,0.6560411292305173,0.6206828951835632
299,300,"6,6",2,tanh,sigmoid,Adamax,0.1,20,0.6576009485373504,0.6194073557853699
300,301,"6,6",2,tanh,sigmoid,Ftrl,0.001,20,0.6931368705803409,0.5038265585899353
301,302,"6,6",2,tanh,sigmoid,Ftrl,0.01,20,0.6931363488291646,0.5038265585899353
302,303,"6,6",2,tanh,sigmoid,Ftrl,0.1,20,0.693137188721302,0.5038265585899353
303,304,"6,6",2,tanh,sigmoid,Nadam,0.001,20,0.5995488267865623,0.681613028049469
304,305,"6,6",2,tanh,sigmoid,Nadam,0.01,20,0.5998757854922787,0.6906397342681885
305,306,"6,6",2,tanh,sigmoid,Nadam,0.1,20,0.5702826596878388,0.707711935043335
306,307,"6,6",2,tanh,sigmoid,RMSprop,0.001,20,0.6027678846377219,0.6752354502677917
307,308,"6,6",2,tanh,sigmoid,RMSprop,0.01,20,0.5720838548811489,0.7035910487174988
308,309,"6,6",2,tanh,sigmoid,RMSprop,0.1,20,0.6144408514398608,0.6629709601402283
309,310,"6,6",2,tanh,sigmoid,SGD,0.001,20,0.6824429624683255,0.5542582273483276
310,311,"6,6",2,tanh,sigmoid,SGD,0.01,20,0.6790627907359245,0.5973312258720398
311,312,"6,6",2,tanh,sigmoid,SGD,0.1,20,0.6526486763213082,0.6321624517440796
312,313,"6,6",2,tanh,tanh,Adadelta,0.001,20,1.0124273919610063,0.4426020383834839
313,314,"6,6",2,tanh,tanh,Adadelta,0.01,20,7.389080943642082,0.5038265585899353
314,315,"6,6",2,tanh,tanh,Adadelta,0.1,20,6.73640099574857,0.5036302804946899
315,316,"6,6",2,tanh,tanh,Adagrad,0.001,20,6.124971859870564,0.5162872672080994
316,317,"6,6",2,tanh,tanh,Adagrad,0.01,20,2.0780541101467667,0.5388540029525757
317,318,"6,6",2,tanh,tanh,Adagrad,0.1,20,4.42282798713193,0.5050039291381836
318,319,"6,6",2,tanh,tanh,Adam,0.001,20,0.9029123217943512,0.5291405320167542
319,320,"6,6",2,tanh,tanh,Adam,0.01,20,0.6311255574600663,0.6501177549362183
320,321,"6,6",2,tanh,tanh,Adam,0.1,20,0.7297393944424401,0.4476059675216675
321,322,"6,6",2,tanh,tanh,Adamax,0.001,20,2.7370868584424772,0.5195251107215881
322,323,"6,6",2,tanh,tanh,Adamax,0.01,20,0.7071662630353656,0.5512166619300842
323,324,"6,6",2,tanh,tanh,Adamax,0.1,20,0.8948908887066684,0.49342620372772217
324,325,"6,6",2,tanh,tanh,Ftrl,0.001,20,1.041100339668699,0.5038265585899353
325,326,"6,6",2,tanh,tanh,Ftrl,0.01,20,1.5100272164052846,0.5038265585899353
326,327,"6,6",2,tanh,tanh,Ftrl,0.1,20,1.4070684121953823,0.5038265585899353
327,328,"6,6",2,tanh,tanh,Nadam,0.001,20,0.5817616047627137,0.6908359527587891
328,329,"6,6",2,tanh,tanh,Nadam,0.01,20,0.6739282959858701,0.5776098966598511
329,330,"6,6",2,tanh,tanh,Nadam,0.1,20,0.5790909575517735,0.7056514620780945
330,331,"6,6",2,tanh,tanh,RMSprop,0.001,20,0.5958591025889949,0.6820054650306702
331,332,"6,6",2,tanh,tanh,RMSprop,0.01,20,0.580592656996411,0.6969191431999207
332,333,"6,6",2,tanh,tanh,RMSprop,0.1,20,0.6044713231607733,0.6803375482559204
333,334,"6,6",2,tanh,tanh,SGD,0.001,20,0.6621527243259376,0.6100863218307495
334,335,"6,6",2,tanh,tanh,SGD,0.01,20,0.6268787747088183,0.6548272967338562
335,336,"6,6",2,tanh,tanh,SGD,0.1,20,7.6534501933602375,0.5038265585899353
336,337,"6,6",2,tanh,relu,Adadelta,0.001,20,3.4545521260804994,0.5052982568740845
337,338,"6,6",2,tanh,relu,Adadelta,0.01,20,4.248222230554937,0.4993131756782532
338,339,"6,6",2,tanh,relu,Adadelta,0.1,20,1.4352026276723182,0.4999018907546997
339,340,"6,6",2,tanh,relu,Adagrad,0.001,20,2.236487789281309,0.363226056098938
340,341,"6,6",2,tanh,relu,Adagrad,0.01,20,2.9650652058644797,0.49362245202064514
341,342,"6,6",2,tanh,relu,Adagrad,0.1,20,1.6342083851995424,0.5060831904411316
342,343,"6,6",2,tanh,relu,Adam,0.001,20,0.7333295408934589,0.5328689217567444
343,344,"6,6",2,tanh,relu,Adam,0.01,20,0.7660241578025758,0.5543563365936279
344,345,"6,6",2,tanh,relu,Adam,0.1,20,0.6093385079217668,0.680141270160675
345,346,"6,6",2,tanh,relu,Adamax,0.001,20,0.9951579101044492,0.4681122303009033
346,347,"6,6",2,tanh,relu,Adamax,0.01,20,2.205902534620354,0.6113618612289429
347,348,"6,6",2,tanh,relu,Adamax,0.1,20,2.180709564517394,0.38039639592170715
348,349,"6,6",2,tanh,relu,Ftrl,0.001,20,1.3843873193724376,0.5038265585899353
349,350,"6,6",2,tanh,relu,Ftrl,0.01,20,1.0207253523299609,0.5038265585899353
350,351,"6,6",2,tanh,relu,Ftrl,0.1,20,1.0814251965218848,0.5038265585899353
351,352,"6,6",2,tanh,relu,Nadam,0.001,20,0.7928788218430859,0.4532966911792755
352,353,"6,6",2,tanh,relu,Nadam,0.01,20,0.6694242666055868,0.5888932347297668
353,354,"6,6",2,tanh,relu,Nadam,0.1,20,0.6468877636095044,0.6286302804946899
354,355,"6,6",2,tanh,relu,RMSprop,0.001,20,0.5703237423529992,0.709968626499176
355,356,"6,6",2,tanh,relu,RMSprop,0.01,20,0.5951935624589726,0.6844583749771118
356,357,"6,6",2,tanh,relu,RMSprop,0.1,20,0.5831633830557064,0.6990777254104614
357,358,"6,6",2,tanh,relu,SGD,0.001,20,0.5995394126212391,0.6769034266471863
358,359,"6,6",2,tanh,relu,SGD,0.01,20,0.6160417150477974,0.6608123779296875
359,360,"6,6",2,tanh,relu,SGD,0.1,20,0.6492574229906642,0.6192111372947693
360,361,"6,6",2,relu,sigmoid,Adadelta,0.001,20,0.6969484246132699,0.48940345644950867
361,362,"6,6",2,relu,sigmoid,Adadelta,0.01,20,0.8127984455092174,0.5038265585899353
362,363,"6,6",2,relu,sigmoid,Adadelta,0.1,20,0.6970396731487436,0.5040227770805359
363,364,"6,6",2,relu,sigmoid,Adagrad,0.001,20,0.7047006800373083,0.5012755393981934
364,365,"6,6",2,relu,sigmoid,Adagrad,0.01,20,0.6863518125221156,0.5390502214431763
365,366,"6,6",2,relu,sigmoid,Adagrad,0.1,20,0.6884631530456303,0.5499411225318909
366,367,"6,6",2,relu,sigmoid,Adam,0.001,20,0.5845199696123132,0.692307710647583
367,368,"6,6",2,relu,sigmoid,Adam,0.01,20,0.5763320638396114,0.702904224395752
368,369,"6,6",2,relu,sigmoid,Adam,0.1,20,0.6106507799689025,0.6766090989112854
369,370,"6,6",2,relu,sigmoid,Adamax,0.001,20,0.6727204324686359,0.5942896604537964
370,371,"6,6",2,relu,sigmoid,Adamax,0.01,20,0.6594706992713772,0.6174450516700745
371,372,"6,6",2,relu,sigmoid,Adamax,0.1,20,0.652663571681108,0.6252943277359009
372,373,"6,6",2,relu,sigmoid,Ftrl,0.001,20,0.6931371157360227,0.5038265585899353
373,374,"6,6",2,relu,sigmoid,Ftrl,0.01,20,0.6931386096885478,0.5038265585899353
374,375,"6,6",2,relu,sigmoid,Ftrl,0.1,20,0.693137490206648,0.5038265585899353
375,376,"6,6",2,relu,sigmoid,Nadam,0.001,20,0.5826864271560681,0.6969191431999207
376,377,"6,6",2,relu,sigmoid,Nadam,0.01,20,0.584578720797175,0.6967229247093201
377,378,"6,6",2,relu,sigmoid,Nadam,0.1,20,0.5694747451148939,0.7084968686103821
378,379,"6,6",2,relu,sigmoid,RMSprop,0.001,20,0.6146360093046395,0.6660125851631165
379,380,"6,6",2,relu,sigmoid,RMSprop,0.01,20,0.6067338407133214,0.6808280944824219
380,381,"6,6",2,relu,sigmoid,RMSprop,0.1,20,0.5961163915120639,0.6777864694595337
381,382,"6,6",2,relu,sigmoid,SGD,0.001,20,0.687976523415073,0.5501373410224915
382,383,"6,6",2,relu,sigmoid,SGD,0.01,20,0.6731095272854696,0.5807496309280396
383,384,"6,6",2,relu,sigmoid,SGD,0.1,20,0.6933791257522919,0.4853806793689728
384,385,"6,6",2,relu,tanh,Adadelta,0.001,20,7.384766562205843,0.5038265585899353
385,386,"6,6",2,relu,tanh,Adadelta,0.01,20,7.630240187353017,0.5038265585899353
386,387,"6,6",2,relu,tanh,Adadelta,0.1,20,5.421244848841214,0.5038265585899353
387,388,"6,6",2,relu,tanh,Adagrad,0.001,20,3.2994270523077276,0.5038265585899353
388,389,"6,6",2,relu,tanh,Adagrad,0.01,20,0.7471456891700649,0.5107927918434143
389,390,"6,6",2,relu,tanh,Adagrad,0.1,20,7.649771780196688,0.5038265585899353
390,391,"6,6",2,relu,tanh,Adam,0.001,20,0.6838495434734099,0.5697606205940247
391,392,"6,6",2,relu,tanh,Adam,0.01,20,0.6748137624709161,0.5666208863258362
392,393,"6,6",2,relu,tanh,Adam,0.1,20,0.6423236312259871,0.6326530575752258
393,394,"6,6",2,relu,tanh,Adamax,0.001,20,6.9037555682603005,0.5038265585899353
394,395,"6,6",2,relu,tanh,Adamax,0.01,20,4.869957111694,0.5038265585899353
395,396,"6,6",2,relu,tanh,Adamax,0.1,20,1.3561391736873465,0.5046114325523376
396,397,"6,6",2,relu,tanh,Ftrl,0.001,20,1.7307916142315467,0.5038265585899353
397,398,"6,6",2,relu,tanh,Ftrl,0.01,20,1.313204562458176,0.5038265585899353
398,399,"6,6",2,relu,tanh,Ftrl,0.1,20,7.6534501933602375,0.5038265585899353
399,400,"6,6",2,relu,tanh,Nadam,0.001,20,0.6339508918241205,0.6515894532203674
400,401,"6,6",2,relu,tanh,Nadam,0.01,20,0.6111828155195694,0.6579670310020447
401,402,"6,6",2,relu,tanh,Nadam,0.1,20,0.6639113247488133,0.6075353026390076
402,403,"6,6",2,relu,tanh,RMSprop,0.001,20,7.6534501933602375,0.5038265585899353
403,404,"6,6",2,relu,tanh,RMSprop,0.01,20,0.6430442546563021,0.6344191431999207
404,405,"6,6",2,relu,tanh,RMSprop,0.1,20,0.581058509215081,0.6909340620040894
405,406,"6,6",2,relu,tanh,SGD,0.001,20,0.6351441894445914,0.6368720531463623
406,407,"6,6",2,relu,tanh,SGD,0.01,20,0.6599856905136228,0.623920738697052
407,408,"6,6",2,relu,tanh,SGD,0.1,20,0.6577557839067241,0.6142072081565857
408,409,"6,6",2,relu,relu,Adadelta,0.001,20,1.7284987120650814,0.5071624517440796
409,410,"6,6",2,relu,relu,Adadelta,0.01,20,1.5106391781353314,0.5340462923049927
410,411,"6,6",2,relu,relu,Adadelta,0.1,20,0.9129953049415697,0.5060831904411316
411,412,"6,6",2,relu,relu,Adagrad,0.001,20,2.513104879126257,0.5038265585899353
412,413,"6,6",2,relu,relu,Adagrad,0.01,20,7.076480682828175,0.5038265585899353
413,414,"6,6",2,relu,relu,Adagrad,0.1,20,2.8630147878566006,0.5038265585899353
414,415,"6,6",2,relu,relu,Adam,0.001,20,0.6039566873006955,0.6730769276618958
415,416,"6,6",2,relu,relu,Adam,0.01,20,0.6037118128929257,0.6803375482559204
416,417,"6,6",2,relu,relu,Adam,0.1,20,7.6534501933602375,0.5038265585899353
417,418,"6,6",2,relu,relu,Adamax,0.001,20,4.991323709113631,0.5038265585899353
418,419,"6,6",2,relu,relu,Adamax,0.01,20,1.1437271754820268,0.49676215648651123
419,420,"6,6",2,relu,relu,Adamax,0.1,20,0.8845471220450648,0.5906593203544617
420,421,"6,6",2,relu,relu,Ftrl,0.001,20,1.7785764994389222,0.5038265585899353
421,422,"6,6",2,relu,relu,Ftrl,0.01,20,7.6534501933602375,0.5038265585899353
422,423,"6,6",2,relu,relu,Ftrl,0.1,20,7.6534501933602375,0.5038265585899353
423,424,"6,6",2,relu,relu,Nadam,0.001,20,0.7198336176819854,0.5749607682228088
424,425,"6,6",2,relu,relu,Nadam,0.01,20,0.64416816339388,0.6098901033401489
425,426,"6,6",2,relu,relu,Nadam,0.1,20,0.6436357204356411,0.6384419202804565
426,427,"6,6",2,relu,relu,RMSprop,0.001,20,0.605181962017736,0.6733712553977966
427,428,"6,6",2,relu,relu,RMSprop,0.01,20,0.6087641911566538,0.6773940324783325
428,429,"6,6",2,relu,relu,RMSprop,0.1,20,7.6534501933602375,0.5038265585899353
429,430,"6,6",2,relu,relu,SGD,0.001,20,0.6483829820549095,0.6221546530723572
430,431,"6,6",2,relu,relu,SGD,0.01,20,7.6534501933602375,0.5038265585899353
431,432,"6,6",2,relu,relu,SGD,0.1,20,0.6471722993409054,0.6228414177894592
432,433,"6,5,3",3,sigmoid,sigmoid,Adadelta,0.001,20,0.6985275196130833,0.5038265585899353
433,434,"6,5,3",3,sigmoid,sigmoid,Adadelta,0.01,20,0.7690741572312695,0.5038265585899353
434,435,"6,5,3",3,sigmoid,sigmoid,Adadelta,0.1,20,0.738075665345933,0.4961734712123871
435,436,"6,5,3",3,sigmoid,sigmoid,Adagrad,0.001,20,0.698215491543385,0.5038265585899353
436,437,"6,5,3",3,sigmoid,sigmoid,Adagrad,0.01,20,0.6927431271626399,0.5038265585899353
437,438,"6,5,3",3,sigmoid,sigmoid,Adagrad,0.1,20,0.7358419100755424,0.5038265585899353
438,439,"6,5,3",3,sigmoid,sigmoid,Adam,0.001,20,0.6876403564935202,0.6354984045028687
439,440,"6,5,3",3,sigmoid,sigmoid,Adam,0.01,20,0.6925197676923623,0.5038265585899353
440,441,"6,5,3",3,sigmoid,sigmoid,Adam,0.1,20,0.6902243995591647,0.5585753321647644
441,442,"6,5,3",3,sigmoid,sigmoid,Adamax,0.001,20,0.7580060920498247,0.4961734712123871
442,443,"6,5,3",3,sigmoid,sigmoid,Adamax,0.01,20,0.6923138515166997,0.5695643424987793
443,444,"6,5,3",3,sigmoid,sigmoid,Adamax,0.1,20,0.6907811628967476,0.613226056098938
444,445,"6,5,3",3,sigmoid,sigmoid,Ftrl,0.001,20,0.6931365941719881,0.5038265585899353
445,446,"6,5,3",3,sigmoid,sigmoid,Ftrl,0.01,20,0.6931305279724265,0.5038265585899353
446,447,"6,5,3",3,sigmoid,sigmoid,Ftrl,0.1,20,0.6931386013607402,0.5038265585899353
447,448,"6,5,3",3,sigmoid,sigmoid,Nadam,0.001,20,0.6858560112619325,0.6362833380699158
448,449,"6,5,3",3,sigmoid,sigmoid,Nadam,0.01,20,0.6918660885123668,0.4961734712123871
449,450,"6,5,3",3,sigmoid,sigmoid,Nadam,0.1,20,0.6932680316772342,0.4961734712123871
450,451,"6,5,3",3,sigmoid,sigmoid,RMSprop,0.001,20,0.6922070184719619,0.5038265585899353
451,452,"6,5,3",3,sigmoid,sigmoid,RMSprop,0.01,20,0.6899836023149535,0.6147959232330322
452,453,"6,5,3",3,sigmoid,sigmoid,RMSprop,0.1,20,0.6890878573504498,0.6335361003875732
453,454,"6,5,3",3,sigmoid,sigmoid,SGD,0.001,20,0.6937675472331384,0.5038265585899353
454,455,"6,5,3",3,sigmoid,sigmoid,SGD,0.01,20,0.694783210473682,0.47988617420196533
455,456,"6,5,3",3,sigmoid,sigmoid,SGD,0.1,20,0.6934134676654822,0.5038265585899353
456,457,"6,5,3",3,sigmoid,tanh,Adadelta,0.001,20,0.9117325168202399,0.4961734712123871
457,458,"6,5,3",3,sigmoid,tanh,Adadelta,0.01,20,7.6534501933602375,0.5038265585899353
458,459,"6,5,3",3,sigmoid,tanh,Adadelta,0.1,20,7.6534501933602375,0.5038265585899353
459,460,"6,5,3",3,sigmoid,tanh,Adagrad,0.001,20,0.6921927959802948,0.5441522598266602
460,461,"6,5,3",3,sigmoid,tanh,Adagrad,0.01,20,0.6960675984012837,0.4961734712123871
461,462,"6,5,3",3,sigmoid,tanh,Adagrad,0.1,20,7.6534501933602375,0.5038265585899353
462,463,"6,5,3",3,sigmoid,tanh,Adam,0.001,20,0.6934006536025642,0.5038265585899353
463,464,"6,5,3",3,sigmoid,tanh,Adam,0.01,20,7.6534501933602375,0.5038265585899353
464,465,"6,5,3",3,sigmoid,tanh,Adam,0.1,20,7.6534501933602375,0.5038265585899353
465,466,"6,5,3",3,sigmoid,tanh,Adamax,0.001,20,7.6534501933602375,0.5038265585899353
466,467,"6,5,3",3,sigmoid,tanh,Adamax,0.01,20,7.6534501933602375,0.5038265585899353
467,468,"6,5,3",3,sigmoid,tanh,Adamax,0.1,20,7.6534501933602375,0.5038265585899353
468,469,"6,5,3",3,sigmoid,tanh,Ftrl,0.001,20,7.6534501933602375,0.5038265585899353
469,470,"6,5,3",3,sigmoid,tanh,Ftrl,0.01,20,0.8589939908292642,0.5038265585899353
470,471,"6,5,3",3,sigmoid,tanh,Ftrl,0.1,20,1.1082253875313224,0.5038265585899353
471,472,"6,5,3",3,sigmoid,tanh,Nadam,0.001,20,7.6534501933602375,0.5038265585899353
472,473,"6,5,3",3,sigmoid,tanh,Nadam,0.01,20,0.6850885654356641,0.6212716102600098
473,474,"6,5,3",3,sigmoid,tanh,Nadam,0.1,20,0.6885298425024682,0.5996860265731812
474,475,"6,5,3",3,sigmoid,tanh,RMSprop,0.001,20,0.6739933678830624,0.6242150664329529
475,476,"6,5,3",3,sigmoid,tanh,RMSprop,0.01,20,0.6771691472414337,0.6446232199668884
476,477,"6,5,3",3,sigmoid,tanh,RMSprop,0.1,20,0.678147798711127,0.6224489808082581
477,478,"6,5,3",3,sigmoid,tanh,SGD,0.001,20,0.695352595679614,0.3890306055545807
478,479,"6,5,3",3,sigmoid,tanh,SGD,0.01,20,7.6534501933602375,0.5038265585899353
479,480,"6,5,3",3,sigmoid,tanh,SGD,0.1,20,0.6929885654284779,0.5064756870269775
480,481,"6,5,3",3,sigmoid,relu,Adadelta,0.001,20,0.862918998513903,0.5038265585899353
481,482,"6,5,3",3,sigmoid,relu,Adadelta,0.01,20,0.7939284701175181,0.5038265585899353
482,483,"6,5,3",3,sigmoid,relu,Adadelta,0.1,20,0.7582005397116932,0.5038265585899353
483,484,"6,5,3",3,sigmoid,relu,Adagrad,0.001,20,0.719289981121171,0.5038265585899353
484,485,"6,5,3",3,sigmoid,relu,Adagrad,0.01,20,7.6534501933602375,0.5038265585899353
485,486,"6,5,3",3,sigmoid,relu,Adagrad,0.1,20,0.8158640734254846,0.5038265585899353
486,487,"6,5,3",3,sigmoid,relu,Adam,0.001,20,7.6534501933602375,0.5038265585899353
487,488,"6,5,3",3,sigmoid,relu,Adam,0.01,20,7.6534501933602375,0.5038265585899353
488,489,"6,5,3",3,sigmoid,relu,Adam,0.1,20,0.6869558429044307,0.5932103395462036
489,490,"6,5,3",3,sigmoid,relu,Adamax,0.001,20,7.6534501933602375,0.5038265585899353
490,491,"6,5,3",3,sigmoid,relu,Adamax,0.01,20,7.6534501933602375,0.5038265585899353
491,492,"6,5,3",3,sigmoid,relu,Adamax,0.1,20,7.6534501933602375,0.5038265585899353
492,493,"6,5,3",3,sigmoid,relu,Ftrl,0.001,20,1.1874461664322593,0.5038265585899353
493,494,"6,5,3",3,sigmoid,relu,Ftrl,0.01,20,1.1735470081610806,0.5038265585899353
494,495,"6,5,3",3,sigmoid,relu,Ftrl,0.1,20,0.7029682996695981,0.4961734712123871
495,496,"6,5,3",3,sigmoid,relu,Nadam,0.001,20,7.6534501933602375,0.5038265585899353
496,497,"6,5,3",3,sigmoid,relu,Nadam,0.01,20,0.6535676685944083,0.6467818021774292
497,498,"6,5,3",3,sigmoid,relu,Nadam,0.1,20,7.6534501933602375,0.5038265585899353
498,499,"6,5,3",3,sigmoid,relu,RMSprop,0.001,20,7.6534501933602375,0.5038265585899353
499,500,"6,5,3",3,sigmoid,relu,RMSprop,0.01,20,7.6534501933602375,0.5038265585899353
500,501,"6,5,3",3,sigmoid,relu,RMSprop,0.1,20,0.6822156346574122,0.6560047268867493
501,502,"6,5,3",3,sigmoid,relu,SGD,0.001,20,0.6935209040551956,0.4969584047794342
502,503,"6,5,3",3,sigmoid,relu,SGD,0.01,20,0.6936475669196113,0.481259822845459
503,504,"6,5,3",3,sigmoid,relu,SGD,0.1,20,0.693044036860743,0.5080455541610718
504,505,"6,5,3",3,tanh,sigmoid,Adadelta,0.001,20,0.7435139838717234,0.49548664689064026
505,506,"6,5,3",3,tanh,sigmoid,Adadelta,0.01,20,0.6755892774748091,0.5874215364456177
506,507,"6,5,3",3,tanh,sigmoid,Adadelta,0.1,20,0.8769548011350108,0.5038265585899353
507,508,"6,5,3",3,tanh,sigmoid,Adagrad,0.001,20,0.6682793731030714,0.58820641040802
508,509,"6,5,3",3,tanh,sigmoid,Adagrad,0.01,20,0.6922274251560588,0.5431711077690125
509,510,"6,5,3",3,tanh,sigmoid,Adagrad,0.1,20,0.6820392957661927,0.5684850811958313
510,511,"6,5,3",3,tanh,sigmoid,Adam,0.001,20,0.5763894107128424,0.7030023336410522
511,512,"6,5,3",3,tanh,sigmoid,Adam,0.01,20,0.5893727571848236,0.6881868243217468
512,513,"6,5,3",3,tanh,sigmoid,Adam,0.1,20,0.6171169199599201,0.666208803653717
513,514,"6,5,3",3,tanh,sigmoid,Adamax,0.001,20,0.6042293140802129,0.6799450516700745
514,515,"6,5,3",3,tanh,sigmoid,Adamax,0.01,20,0.6260390951644682,0.6558084487915039
515,516,"6,5,3",3,tanh,sigmoid,Adamax,0.1,20,0.628157141631589,0.6579670310020447
516,517,"6,5,3",3,tanh,sigmoid,Ftrl,0.001,20,0.6931362451526396,0.5038265585899353
517,518,"6,5,3",3,tanh,sigmoid,Ftrl,0.01,20,0.6931362386026787,0.5038265585899353
518,519,"6,5,3",3,tanh,sigmoid,Ftrl,0.1,20,0.6931364820740848,0.5038265585899353
519,520,"6,5,3",3,tanh,sigmoid,Nadam,0.001,20,0.5737868590482176,0.7023155689239502
520,521,"6,5,3",3,tanh,sigmoid,Nadam,0.01,20,0.5650277300569663,0.713598906993866
521,522,"6,5,3",3,tanh,sigmoid,Nadam,0.1,20,0.5778133573487191,0.7031004428863525
522,523,"6,5,3",3,tanh,sigmoid,RMSprop,0.001,20,0.5937394118945303,0.6798469424247742
523,524,"6,5,3",3,tanh,sigmoid,RMSprop,0.01,20,0.5857561689156753,0.6887755393981934
524,525,"6,5,3",3,tanh,sigmoid,RMSprop,0.1,20,0.6020417068405092,0.6722919940948486
525,526,"6,5,3",3,tanh,sigmoid,SGD,0.001,20,0.6736252809431714,0.5922291874885559
526,527,"6,5,3",3,tanh,sigmoid,SGD,0.01,20,0.6442109971443188,0.6411891579627991
527,528,"6,5,3",3,tanh,sigmoid,SGD,0.1,20,0.6910752081421893,0.5288461446762085
528,529,"6,5,3",3,tanh,tanh,Adadelta,0.001,20,3.401121952844377,0.5038265585899353
529,530,"6,5,3",3,tanh,tanh,Adadelta,0.01,20,4.106514423945261,0.5035321712493896
530,531,"6,5,3",3,tanh,tanh,Adadelta,0.1,20,2.9200566597224404,0.5689756870269775
531,532,"6,5,3",3,tanh,tanh,Adagrad,0.001,20,5.69572854453765,0.5101059675216675
532,533,"6,5,3",3,tanh,tanh,Adagrad,0.01,20,3.6735237412026014,0.5839874148368835
533,534,"6,5,3",3,tanh,tanh,Adagrad,0.1,20,3.019155226846692,0.42916011810302734
534,535,"6,5,3",3,tanh,tanh,Adam,0.001,20,0.6538168190974082,0.6113618612289429
535,536,"6,5,3",3,tanh,tanh,Adam,0.01,20,0.7299531075044928,0.4642857015132904
536,537,"6,5,3",3,tanh,tanh,Adam,0.1,20,0.7703688940036241,0.45673078298568726
537,538,"6,5,3",3,tanh,tanh,Adamax,0.001,20,0.7691543961245,0.4367150664329529
538,539,"6,5,3",3,tanh,tanh,Adamax,0.01,20,3.1239319293053596,0.5072606205940247
539,540,"6,5,3",3,tanh,tanh,Adamax,0.1,20,3.225059703530472,0.5541601181030273
540,541,"6,5,3",3,tanh,tanh,Ftrl,0.001,20,1.0967345898342282,0.5038265585899353
541,542,"6,5,3",3,tanh,tanh,Ftrl,0.01,20,1.106329120496753,0.5038265585899353
542,543,"6,5,3",3,tanh,tanh,Ftrl,0.1,20,1.6811812726818784,0.5038265585899353
543,544,"6,5,3",3,tanh,tanh,Nadam,0.001,20,0.7076457311257462,0.5098116397857666
544,545,"6,5,3",3,tanh,tanh,Nadam,0.01,20,0.7234921588253937,0.4803767800331116
545,546,"6,5,3",3,tanh,tanh,Nadam,0.1,20,0.6956503383780199,0.6049842834472656
546,547,"6,5,3",3,tanh,tanh,RMSprop,0.001,20,0.607541390079157,0.6684654355049133
547,548,"6,5,3",3,tanh,tanh,RMSprop,0.01,20,0.6296404379316177,0.6434458494186401
548,549,"6,5,3",3,tanh,tanh,RMSprop,0.1,20,0.6017949034692354,0.6755298376083374
549,550,"6,5,3",3,tanh,tanh,SGD,0.001,20,0.6328473498158776,0.643740177154541
550,551,"6,5,3",3,tanh,tanh,SGD,0.01,20,0.670497196529125,0.5949764251708984
551,552,"6,5,3",3,tanh,tanh,SGD,0.1,20,7.6534501933602375,0.5038265585899353
552,553,"6,5,3",3,tanh,relu,Adadelta,0.001,20,6.047072561794024,0.5038265585899353
553,554,"6,5,3",3,tanh,relu,Adadelta,0.01,20,4.0239476263055245,0.49244505167007446
554,555,"6,5,3",3,tanh,relu,Adadelta,0.1,20,5.56074950758666,0.5038265585899353
555,556,"6,5,3",3,tanh,relu,Adagrad,0.001,20,3.369597935414576,0.4971546232700348
556,557,"6,5,3",3,tanh,relu,Adagrad,0.01,20,0.7589249431244807,0.5127550959587097
557,558,"6,5,3",3,tanh,relu,Adagrad,0.1,20,0.9872725681757066,0.5625
558,559,"6,5,3",3,tanh,relu,Adam,0.001,20,0.5814520145884863,0.7002550959587097
559,560,"6,5,3",3,tanh,relu,Adam,0.01,20,0.568988655107549,0.7082025408744812
560,561,"6,5,3",3,tanh,relu,Adam,0.1,20,0.715932384952084,0.5520997047424316
561,562,"6,5,3",3,tanh,relu,Adamax,0.001,20,1.7980844978260657,0.5795722007751465
562,563,"6,5,3",3,tanh,relu,Adamax,0.01,20,1.438979414980303,0.45565149188041687
563,564,"6,5,3",3,tanh,relu,Adamax,0.1,20,1.1723661964504835,0.5038265585899353
564,565,"6,5,3",3,tanh,relu,Ftrl,0.001,20,1.520044005272714,0.5038265585899353
565,566,"6,5,3",3,tanh,relu,Ftrl,0.01,20,1.0646741602634149,0.5038265585899353
566,567,"6,5,3",3,tanh,relu,Ftrl,0.1,20,7.6534501933602375,0.5038265585899353
567,568,"6,5,3",3,tanh,relu,Nadam,0.001,20,0.6574188751553067,0.6086146235466003
568,569,"6,5,3",3,tanh,relu,Nadam,0.01,20,0.6995586684584805,0.5082417726516724
569,570,"6,5,3",3,tanh,relu,Nadam,0.1,20,0.7974742993455105,0.5038265585899353
570,571,"6,5,3",3,tanh,relu,RMSprop,0.001,20,0.6418484583192942,0.6335361003875732
571,572,"6,5,3",3,tanh,relu,RMSprop,0.01,20,0.5861780242044099,0.6997645497322083
572,573,"6,5,3",3,tanh,relu,RMSprop,0.1,20,0.6087437075573009,0.6702315807342529
573,574,"6,5,3",3,tanh,relu,SGD,0.001,20,0.6077830057877761,0.669839084148407
574,575,"6,5,3",3,tanh,relu,SGD,0.01,20,0.638947474058232,0.6517857313156128
575,576,"6,5,3",3,tanh,relu,SGD,0.1,20,0.6523544505776565,0.6168563365936279
576,577,"6,5,3",3,relu,sigmoid,Adadelta,0.001,20,0.6952603163674264,0.45682889223098755
577,578,"6,5,3",3,relu,sigmoid,Adadelta,0.01,20,0.7289795117625262,0.49254316091537476
578,579,"6,5,3",3,relu,sigmoid,Adadelta,0.1,20,0.69326503797079,0.4794937074184418
579,580,"6,5,3",3,relu,sigmoid,Adagrad,0.001,20,0.6919669489284138,0.5259026885032654
580,581,"6,5,3",3,relu,sigmoid,Adagrad,0.01,20,0.6880114535147579,0.5007849335670471
581,582,"6,5,3",3,relu,sigmoid,Adagrad,0.1,20,0.6889697153302526,0.5147174000740051
582,583,"6,5,3",3,relu,sigmoid,Adam,0.001,20,0.605328005561649,0.6947606205940247
583,584,"6,5,3",3,relu,sigmoid,Adam,0.01,20,0.6107647347861969,0.6659144163131714
584,585,"6,5,3",3,relu,sigmoid,Adam,0.1,20,0.5826516548168715,0.7016287446022034
585,586,"6,5,3",3,relu,sigmoid,Adamax,0.001,20,0.6355692923911138,0.6342229247093201
586,587,"6,5,3",3,relu,sigmoid,Adamax,0.01,20,0.6702853048240746,0.6457025408744812
587,588,"6,5,3",3,relu,sigmoid,Adamax,0.1,20,0.6537601362966481,0.6351059675216675
588,589,"6,5,3",3,relu,sigmoid,Ftrl,0.001,20,0.6931367481896417,0.5038265585899353
589,590,"6,5,3",3,relu,sigmoid,Ftrl,0.01,20,0.6931363939303244,0.5038265585899353
590,591,"6,5,3",3,relu,sigmoid,Ftrl,0.1,20,0.6931368801245696,0.5038265585899353
591,592,"6,5,3",3,relu,sigmoid,Nadam,0.001,20,0.6035468194698053,0.6736656427383423
592,593,"6,5,3",3,relu,sigmoid,Nadam,0.01,20,0.6931196118074834,0.5038265585899353
593,594,"6,5,3",3,relu,sigmoid,Nadam,0.1,20,0.552182153966775,0.7206632494926453
594,595,"6,5,3",3,relu,sigmoid,RMSprop,0.001,20,0.6185335209081461,0.6606161594390869
595,596,"6,5,3",3,relu,sigmoid,RMSprop,0.01,20,0.5958325243445356,0.688971757888794
596,597,"6,5,3",3,relu,sigmoid,RMSprop,0.1,20,0.6159163268993564,0.6664050221443176
597,598,"6,5,3",3,relu,sigmoid,SGD,0.001,20,0.689351444715982,0.5477825999259949
598,599,"6,5,3",3,relu,sigmoid,SGD,0.01,20,0.6654814303950575,0.6157770752906799
599,600,"6,5,3",3,relu,sigmoid,SGD,0.1,20,0.6570734899122637,0.616562008857727
600,601,"6,5,3",3,relu,tanh,Adadelta,0.001,20,7.6534501933602375,0.5038265585899353
601,602,"6,5,3",3,relu,tanh,Adadelta,0.01,20,7.6534501933602375,0.5038265585899353
602,603,"6,5,3",3,relu,tanh,Adadelta,0.1,20,7.6534501933602375,0.5038265585899353
603,604,"6,5,3",3,relu,tanh,Adagrad,0.001,20,0.832020725897006,0.45781004428863525
604,605,"6,5,3",3,relu,tanh,Adagrad,0.01,20,0.6575628660350242,0.6082221269607544
605,606,"6,5,3",3,relu,tanh,Adagrad,0.1,20,1.4071707841552783,0.5038265585899353
606,607,"6,5,3",3,relu,tanh,Adam,0.001,20,0.6448742816549268,0.6209772229194641
607,608,"6,5,3",3,relu,tanh,Adam,0.01,20,0.6659743001734256,0.596644401550293
608,609,"6,5,3",3,relu,tanh,Adam,0.1,20,0.6568327642497687,0.6194073557853699
609,610,"6,5,3",3,relu,tanh,Adamax,0.001,20,0.9998253869299237,0.528257429599762
610,611,"6,5,3",3,relu,tanh,Adamax,0.01,20,4.646158140907108,0.5038265585899353
611,612,"6,5,3",3,relu,tanh,Adamax,0.1,20,0.7357530605100575,0.5008830428123474
612,613,"6,5,3",3,relu,tanh,Ftrl,0.001,20,1.1881915823069622,0.5038265585899353
613,614,"6,5,3",3,relu,tanh,Ftrl,0.01,20,1.8069200191991857,0.5038265585899353
614,615,"6,5,3",3,relu,tanh,Ftrl,0.1,20,7.6534501933602375,0.5038265585899353
615,616,"6,5,3",3,relu,tanh,Nadam,0.001,20,7.6534501933602375,0.5038265585899353
616,617,"6,5,3",3,relu,tanh,Nadam,0.01,20,0.706996925958846,0.5644623041152954
617,618,"6,5,3",3,relu,tanh,Nadam,0.1,20,7.6534501933602375,0.5038265585899353
618,619,"6,5,3",3,relu,tanh,RMSprop,0.001,20,0.6258532302907348,0.6399136781692505
619,620,"6,5,3",3,relu,tanh,RMSprop,0.01,20,0.6224388189181054,0.6512951254844666
620,621,"6,5,3",3,relu,tanh,RMSprop,0.1,20,0.5844539688370853,0.6880887150764465
621,622,"6,5,3",3,relu,tanh,SGD,0.001,20,0.6436011909128545,0.644132673740387
622,623,"6,5,3",3,relu,tanh,SGD,0.01,20,0.6839341245229054,0.5912480354309082
623,624,"6,5,3",3,relu,tanh,SGD,0.1,20,7.6534501933602375,0.5038265585899353
624,625,"6,5,3",3,relu,relu,Adadelta,0.001,20,4.101421434800703,0.5038265585899353
625,626,"6,5,3",3,relu,relu,Adadelta,0.01,20,4.465326188123394,0.5038265585899353
626,627,"6,5,3",3,relu,relu,Adadelta,0.1,20,1.7085843181684963,0.5038265585899353
627,628,"6,5,3",3,relu,relu,Adagrad,0.001,20,5.053829812180116,0.5038265585899353
628,629,"6,5,3",3,relu,relu,Adagrad,0.01,20,0.9039636127989932,0.49038460850715637
629,630,"6,5,3",3,relu,relu,Adagrad,0.1,20,1.0712968144723722,0.5067700147628784
630,631,"6,5,3",3,relu,relu,Adam,0.001,20,0.6701770946032586,0.5982142686843872
631,632,"6,5,3",3,relu,relu,Adam,0.01,20,0.6338841877702267,0.6322606205940247
632,633,"6,5,3",3,relu,relu,Adam,0.1,20,0.6283360108662999,0.6480572819709778
633,634,"6,5,3",3,relu,relu,Adamax,0.001,20,7.6534501933602375,0.5038265585899353
634,635,"6,5,3",3,relu,relu,Adamax,0.01,20,0.7125380838310326,0.5088304281234741
635,636,"6,5,3",3,relu,relu,Adamax,0.1,20,7.6534501933602375,0.5038265585899353
636,637,"6,5,3",3,relu,relu,Ftrl,0.001,20,1.8784861411180003,0.5038265585899353
637,638,"6,5,3",3,relu,relu,Ftrl,0.01,20,7.6534501933602375,0.5038265585899353
638,639,"6,5,3",3,relu,relu,Ftrl,0.1,20,1.6521056235491574,0.5038265585899353
639,640,"6,5,3",3,relu,relu,Nadam,0.001,20,0.6212557081712097,0.6495290398597717
640,641,"6,5,3",3,relu,relu,Nadam,0.01,20,7.6534501933602375,0.5038265585899353
641,642,"6,5,3",3,relu,relu,Nadam,0.1,20,7.6534501933602375,0.5038265585899353
642,643,"6,5,3",3,relu,relu,RMSprop,0.001,20,0.6002684360957782,0.6770997047424316
643,644,"6,5,3",3,relu,relu,RMSprop,0.01,20,0.6406788575218836,0.6332417726516724
644,645,"6,5,3",3,relu,relu,RMSprop,0.1,20,0.6170532824106082,0.6626766324043274
645,646,"6,5,3",3,relu,relu,SGD,0.001,20,7.6534501933602375,0.5038265585899353
646,647,"6,5,3",3,relu,relu,SGD,0.01,20,0.6565240289390181,0.6120486855506897
647,648,"6,5,3",3,relu,relu,SGD,0.1,20,0.6840804594465103,0.567307710647583
648,649,6,1,sigmoid,sigmoid,Adadelta,0.001,20,0.7814985917913296,0.4961734712123871
649,650,6,1,sigmoid,sigmoid,Adadelta,0.01,20,0.6964388009704637,0.47252747416496277
650,651,6,1,sigmoid,sigmoid,Adadelta,0.1,20,0.8091888842253333,0.5038265585899353
651,652,6,1,sigmoid,sigmoid,Adagrad,0.001,20,0.6850644969491045,0.5370879173278809
652,653,6,1,sigmoid,sigmoid,Adagrad,0.01,20,0.8203265582747886,0.4961734712123871
653,654,6,1,sigmoid,sigmoid,Adagrad,0.1,20,0.703405368271952,0.5038265585899353
654,655,6,1,sigmoid,sigmoid,Adam,0.001,20,0.6594561213039716,0.6410910487174988
655,656,6,1,sigmoid,sigmoid,Adam,0.01,20,0.6588376410527731,0.6451138257980347
656,657,6,1,sigmoid,sigmoid,Adam,0.1,20,0.6562016173097739,0.6439363956451416
657,658,6,1,sigmoid,sigmoid,Adamax,0.001,20,0.6750112525896524,0.6262755393981934
658,659,6,1,sigmoid,sigmoid,Adamax,0.01,20,0.6644771358281889,0.6809262037277222
659,660,6,1,sigmoid,sigmoid,Adamax,0.1,20,0.6945970176340459,0.5037283897399902
660,661,6,1,sigmoid,sigmoid,Ftrl,0.001,20,0.6931743453398604,0.4961734712123871
661,662,6,1,sigmoid,sigmoid,Ftrl,0.01,20,0.6931265119106467,0.5038265585899353
662,663,6,1,sigmoid,sigmoid,Ftrl,0.1,20,0.6931333238700496,0.5038265585899353
663,664,6,1,sigmoid,sigmoid,Nadam,0.001,20,0.673108969509508,0.6175431609153748
664,665,6,1,sigmoid,sigmoid,Nadam,0.01,20,0.6639739640840743,0.6337323188781738
665,666,6,1,sigmoid,sigmoid,Nadam,0.1,20,0.6518369274947856,0.6336342096328735
666,667,6,1,sigmoid,sigmoid,RMSprop,0.001,20,0.6553132156000782,0.65070641040802
667,668,6,1,sigmoid,sigmoid,RMSprop,0.01,20,0.6416112256574107,0.6478610634803772
668,669,6,1,sigmoid,sigmoid,RMSprop,0.1,20,0.637260339698013,0.6545329689979553
669,670,6,1,sigmoid,sigmoid,SGD,0.001,20,0.6965226627406744,0.4485871195793152
670,671,6,1,sigmoid,sigmoid,SGD,0.01,20,0.697150025113224,0.4988225996494293
671,672,6,1,sigmoid,sigmoid,SGD,0.1,20,0.6809035012823071,0.5872252583503723
672,673,6,1,sigmoid,tanh,Adadelta,0.001,20,2.2812308956352845,0.5039246678352356
673,674,6,1,sigmoid,tanh,Adadelta,0.01,20,5.123664994067637,0.5038265585899353
674,675,6,1,sigmoid,tanh,Adadelta,0.1,20,0.8451011027421457,0.4961734712123871
675,676,6,1,sigmoid,tanh,Adagrad,0.001,20,1.1278056731590858,0.4961734712123871
676,677,6,1,sigmoid,tanh,Adagrad,0.01,20,7.6534501933602375,0.5038265585899353
677,678,6,1,sigmoid,tanh,Adagrad,0.1,20,7.6534501933602375,0.5038265585899353
678,679,6,1,sigmoid,tanh,Adam,0.001,20,7.6534501933602375,0.5038265585899353
679,680,6,1,sigmoid,tanh,Adam,0.01,20,0.8593687999940929,0.49941131472587585
680,681,6,1,sigmoid,tanh,Adam,0.1,20,0.6281683619954336,0.6557103395462036
681,682,6,1,sigmoid,tanh,Adamax,0.001,20,7.6534501933602375,0.5038265585899353
682,683,6,1,sigmoid,tanh,Adamax,0.01,20,1.678394032797222,0.5038265585899353
683,684,6,1,sigmoid,tanh,Adamax,0.1,20,7.6534501933602375,0.5038265585899353
684,685,6,1,sigmoid,tanh,Ftrl,0.001,20,7.6534501933602375,0.5038265585899353
685,686,6,1,sigmoid,tanh,Ftrl,0.01,20,7.6534501933602375,0.5038265585899353
686,687,6,1,sigmoid,tanh,Ftrl,0.1,20,2.3446059298103608,0.5038265585899353
687,688,6,1,sigmoid,tanh,Nadam,0.001,20,7.6534501933602375,0.5038265585899353
688,689,6,1,sigmoid,tanh,Nadam,0.01,20,0.6232202096112669,0.6504120826721191
689,690,6,1,sigmoid,tanh,Nadam,0.1,20,0.6870386061526168,0.5914442539215088
690,691,6,1,sigmoid,tanh,RMSprop,0.001,20,0.6171185448180937,0.6670918464660645
691,692,6,1,sigmoid,tanh,RMSprop,0.01,20,7.6534501933602375,0.5038265585899353
692,693,6,1,sigmoid,tanh,RMSprop,0.1,20,0.6190544780419798,0.662872850894928
693,694,6,1,sigmoid,tanh,SGD,0.001,20,0.66855996126657,0.5994898080825806
694,695,6,1,sigmoid,tanh,SGD,0.01,20,0.6969013494823941,0.5242347121238708
695,696,6,1,sigmoid,tanh,SGD,0.1,20,7.6534501933602375,0.5038265585899353
696,697,6,1,sigmoid,relu,Adadelta,0.001,20,1.4890512531181708,0.5038265585899353
697,698,6,1,sigmoid,relu,Adadelta,0.01,20,0.722092959719887,0.5149136781692505
698,699,6,1,sigmoid,relu,Adadelta,0.1,20,5.916545770606216,0.5038265585899353
699,700,6,1,sigmoid,relu,Adagrad,0.001,20,0.7165699448652881,0.44113031029701233
700,701,6,1,sigmoid,relu,Adagrad,0.01,20,7.725292321838427,0.4961734712123871
701,702,6,1,sigmoid,relu,Adagrad,0.1,20,0.7445903935088093,0.4702708125114441
702,703,6,1,sigmoid,relu,Adam,0.001,20,0.6016540806184946,0.6785714030265808
703,704,6,1,sigmoid,relu,Adam,0.01,20,0.6003455616054205,0.6769034266471863
704,705,6,1,sigmoid,relu,Adam,0.1,20,7.6534501933602375,0.5038265585899353
705,706,6,1,sigmoid,relu,Adamax,0.001,20,7.6534501933602375,0.5038265585899353
706,707,6,1,sigmoid,relu,Adamax,0.01,20,5.143275879241608,0.5038265585899353
707,708,6,1,sigmoid,relu,Adamax,0.1,20,2.7709904667721066,0.5038265585899353
708,709,6,1,sigmoid,relu,Ftrl,0.001,20,0.8040972978017019,0.5038265585899353
709,710,6,1,sigmoid,relu,Ftrl,0.01,20,0.6921624766788452,0.5138343572616577
710,711,6,1,sigmoid,relu,Ftrl,0.1,20,7.6534501933602375,0.5038265585899353
711,712,6,1,sigmoid,relu,Nadam,0.001,20,7.6534501933602375,0.5038265585899353
712,713,6,1,sigmoid,relu,Nadam,0.01,20,7.6534501933602375,0.5038265585899353
713,714,6,1,sigmoid,relu,Nadam,0.1,20,7.6534501933602375,0.5038265585899353
714,715,6,1,sigmoid,relu,RMSprop,0.001,20,7.6534501933602375,0.5038265585899353
715,716,6,1,sigmoid,relu,RMSprop,0.01,20,0.6003025028170371,0.6803375482559204
716,717,6,1,sigmoid,relu,RMSprop,0.1,20,7.6534501933602375,0.5038265585899353
717,718,6,1,sigmoid,relu,SGD,0.001,20,0.6865263120907255,0.5501373410224915
718,719,6,1,sigmoid,relu,SGD,0.01,20,0.6570261423030117,0.6234301328659058
719,720,6,1,sigmoid,relu,SGD,0.1,20,0.6474196383118442,0.6204866766929626
720,721,6,1,tanh,sigmoid,Adadelta,0.001,20,0.7034129359097084,0.5312990546226501
721,722,6,1,tanh,sigmoid,Adadelta,0.01,20,0.7713746762537694,0.4819466173648834
722,723,6,1,tanh,sigmoid,Adadelta,0.1,20,0.738369441387979,0.48940345644950867
723,724,6,1,tanh,sigmoid,Adagrad,0.001,20,0.6850761889101384,0.5644623041152954
724,725,6,1,tanh,sigmoid,Adagrad,0.01,20,0.718591583205542,0.4763540029525757
725,726,6,1,tanh,sigmoid,Adagrad,0.1,20,0.7087459901064119,0.493033766746521
726,727,6,1,tanh,sigmoid,Adam,0.001,20,0.6222383189051641,0.6778846383094788
727,728,6,1,tanh,sigmoid,Adam,0.01,20,0.6351327136322692,0.643740177154541
728,729,6,1,tanh,sigmoid,Adam,0.1,20,0.6230381617740709,0.6556122303009033
729,730,6,1,tanh,sigmoid,Adamax,0.001,20,0.6686968599421264,0.6000784635543823
730,731,6,1,tanh,sigmoid,Adamax,0.01,20,0.6402814625945159,0.6350078582763672
731,732,6,1,tanh,sigmoid,Adamax,0.1,20,0.6727916324157356,0.5916405320167542
732,733,6,1,tanh,sigmoid,Ftrl,0.001,20,0.6931367957236442,0.5038265585899353
733,734,6,1,tanh,sigmoid,Ftrl,0.01,20,0.6930117807358362,0.5040227770805359
734,735,6,1,tanh,sigmoid,Ftrl,0.1,20,0.6931439246075868,0.5038265585899353
735,736,6,1,tanh,sigmoid,Nadam,0.001,20,0.618386045074912,0.672095775604248
736,737,6,1,tanh,sigmoid,Nadam,0.01,20,0.6108572751611143,0.6615973114967346
737,738,6,1,tanh,sigmoid,Nadam,0.1,20,0.612708058986035,0.670918345451355
738,739,6,1,tanh,sigmoid,RMSprop,0.001,20,0.6037438930110243,0.6729788184165955
739,740,6,1,tanh,sigmoid,RMSprop,0.01,20,0.5966988983483666,0.675726056098938
740,741,6,1,tanh,sigmoid,RMSprop,0.1,20,0.6294301665933391,0.6438382863998413
741,742,6,1,tanh,sigmoid,SGD,0.001,20,0.697880394136887,0.513245701789856
742,743,6,1,tanh,sigmoid,SGD,0.01,20,0.6487237393762477,0.6363814473152161
743,744,6,1,tanh,sigmoid,SGD,0.1,20,0.6440014593080973,0.6315737962722778
744,745,6,1,tanh,tanh,Adadelta,0.001,20,4.2567803272085625,0.4762558937072754
745,746,6,1,tanh,tanh,Adadelta,0.01,20,5.074665758635971,0.481063574552536
746,747,6,1,tanh,tanh,Adadelta,0.1,20,4.825770560388849,0.5090267062187195
747,748,6,1,tanh,tanh,Adagrad,0.001,20,1.0003434752744258,0.5107927918434143
748,749,6,1,tanh,tanh,Adagrad,0.01,20,4.7223911936653655,0.48155415058135986
749,750,6,1,tanh,tanh,Adagrad,0.1,20,6.249041601477463,0.4899921417236328
750,751,6,1,tanh,tanh,Adam,0.001,20,0.6675935126548659,0.6064560413360596
751,752,6,1,tanh,tanh,Adam,0.01,20,0.9901760070814255,0.540031373500824
752,753,6,1,tanh,tanh,Adam,0.1,20,1.2543152230126517,0.5680926442146301
753,754,6,1,tanh,tanh,Adamax,0.001,20,1.3058592341196968,0.5107927918434143
754,755,6,1,tanh,tanh,Adamax,0.01,20,2.7340639495587613,0.5626962184906006
755,756,6,1,tanh,tanh,Adamax,0.1,20,1.353566410777333,0.40826138854026794
756,757,6,1,tanh,tanh,Ftrl,0.001,20,1.6198297585572703,0.5038265585899353
757,758,6,1,tanh,tanh,Ftrl,0.01,20,0.7719404010608021,0.5038265585899353
758,759,6,1,tanh,tanh,Ftrl,0.1,20,1.7672539486241303,0.5047096014022827
759,760,6,1,tanh,tanh,Nadam,0.001,20,0.6694303245709118,0.5924254059791565
760,761,6,1,tanh,tanh,Nadam,0.01,20,0.7583323086449639,0.5723116397857666
761,762,6,1,tanh,tanh,Nadam,0.1,20,0.7181064111284409,0.5979199409484863
762,763,6,1,tanh,tanh,RMSprop,0.001,20,0.6319334879400592,0.6398155689239502
763,764,6,1,tanh,tanh,RMSprop,0.01,20,0.6372006422309336,0.6481553912162781
764,765,6,1,tanh,tanh,RMSprop,0.1,20,0.5860877744444124,0.6982927918434143
765,766,6,1,tanh,tanh,SGD,0.001,20,0.6130614976867963,0.6657181978225708
766,767,6,1,tanh,tanh,SGD,0.01,20,0.6504172682762146,0.6255887150764465
767,768,6,1,tanh,tanh,SGD,0.1,20,0.6231392611701223,0.6557103395462036
768,769,6,1,tanh,relu,Adadelta,0.001,20,2.9251964485252295,0.5436617136001587
769,770,6,1,tanh,relu,Adadelta,0.01,20,1.3826320377212118,0.617641270160675
770,771,6,1,tanh,relu,Adadelta,0.1,20,3.3123576218142428,0.5038265585899353
771,772,6,1,tanh,relu,Adagrad,0.001,20,7.416961976085765,0.5037283897399902
772,773,6,1,tanh,relu,Adagrad,0.01,20,0.8969985821183473,0.5201138257980347
773,774,6,1,tanh,relu,Adagrad,0.1,20,4.254865615671059,0.5313971638679504
774,775,6,1,tanh,relu,Adam,0.001,20,0.9876997923738728,0.4641875922679901
775,776,6,1,tanh,relu,Adam,0.01,20,2.2552011838326087,0.581240177154541
776,777,6,1,tanh,relu,Adam,0.1,20,1.0783450023345709,0.42719781398773193
777,778,6,1,tanh,relu,Adamax,0.001,20,0.9084926872650159,0.5735871195793152
778,779,6,1,tanh,relu,Adamax,0.01,20,2.238544206042866,0.5531789660453796
779,780,6,1,tanh,relu,Adamax,0.1,20,7.194508086194049,0.5006868243217468
780,781,6,1,tanh,relu,Ftrl,0.001,20,0.9702326224961872,0.48655807971954346
781,782,6,1,tanh,relu,Ftrl,0.01,20,0.8500678441962417,0.5038265585899353
782,783,6,1,tanh,relu,Ftrl,0.1,20,1.3742895964737778,0.5039246678352356
783,784,6,1,tanh,relu,Nadam,0.001,20,0.7651681140228942,0.5080455541610718
784,785,6,1,tanh,relu,Nadam,0.01,20,0.8127694218836174,0.5418956279754639
785,786,6,1,tanh,relu,Nadam,0.1,20,1.6888163817733572,0.45898744463920593
786,787,6,1,tanh,relu,RMSprop,0.001,20,0.7202702186171264,0.6055729985237122
787,788,6,1,tanh,relu,RMSprop,0.01,20,0.6161331066531327,0.667288064956665
788,789,6,1,tanh,relu,RMSprop,0.1,20,0.6166064327515463,0.6606161594390869
789,790,6,1,tanh,relu,SGD,0.001,20,0.6592771510127201,0.611754298210144
790,791,6,1,tanh,relu,SGD,0.01,20,0.692055820857337,0.5786891579627991
791,792,6,1,tanh,relu,SGD,0.1,20,7.6534501933602375,0.5038265585899353
792,793,6,1,relu,sigmoid,Adadelta,0.001,20,0.7251126590291597,0.4971546232700348
793,794,6,1,relu,sigmoid,Adadelta,0.01,20,0.7123959807436357,0.4116954505443573
794,795,6,1,relu,sigmoid,Adadelta,0.1,20,0.8120766113654037,0.49470171332359314
795,796,6,1,relu,sigmoid,Adagrad,0.001,20,0.6755952399978458,0.5692700147628784
796,797,6,1,relu,sigmoid,Adagrad,0.01,20,0.6803390394013193,0.5644623041152954
797,798,6,1,relu,sigmoid,Adagrad,0.1,20,0.7157956972788417,0.5156004428863525
798,799,6,1,relu,sigmoid,Adam,0.001,20,0.6313499706319213,0.6476648449897766
799,800,6,1,relu,sigmoid,Adam,0.01,20,0.6084540854069277,0.6841640472412109
800,801,6,1,relu,sigmoid,Adam,0.1,20,0.6213623180494203,0.6773940324783325
801,802,6,1,relu,sigmoid,Adamax,0.001,20,0.6637039555110962,0.6268641948699951
802,803,6,1,relu,sigmoid,Adamax,0.01,20,0.6506399047243726,0.6299058198928833
803,804,6,1,relu,sigmoid,Adamax,0.1,20,0.6370204328742095,0.6489403247833252
804,805,6,1,relu,sigmoid,Ftrl,0.001,20,0.6931362261577528,0.5038265585899353
805,806,6,1,relu,sigmoid,Ftrl,0.01,20,0.6931453076786299,0.5038265585899353
806,807,6,1,relu,sigmoid,Ftrl,0.1,20,0.6931456181467796,0.5038265585899353
807,808,6,1,relu,sigmoid,Nadam,0.001,20,0.630791455460493,0.6481553912162781
808,809,6,1,relu,sigmoid,Nadam,0.01,20,0.6161068846329789,0.6670918464660645
809,810,6,1,relu,sigmoid,Nadam,0.1,20,0.6273296040305911,0.6595368981361389
810,811,6,1,relu,sigmoid,RMSprop,0.001,20,0.6044738963597236,0.6728807091712952
811,812,6,1,relu,sigmoid,RMSprop,0.01,20,0.6144787299576884,0.670918345451355
812,813,6,1,relu,sigmoid,RMSprop,0.1,20,0.6224317274625111,0.6679748892784119
813,814,6,1,relu,sigmoid,SGD,0.001,20,0.6741609147616795,0.5927197933197021
814,815,6,1,relu,sigmoid,SGD,0.01,20,0.6701129868603202,0.6008633971214294
815,816,6,1,relu,sigmoid,SGD,0.1,20,0.7133614225327688,0.4542778730392456
816,817,6,1,relu,tanh,Adadelta,0.001,20,4.659568108793705,0.5041208863258362
817,818,6,1,relu,tanh,Adadelta,0.01,20,7.632484132116968,0.5038265585899353
818,819,6,1,relu,tanh,Adadelta,0.1,20,3.673612731217964,0.47390109300613403
819,820,6,1,relu,tanh,Adagrad,0.001,20,0.965060020353955,0.430337518453598
820,821,6,1,relu,tanh,Adagrad,0.01,20,6.819157035234772,0.5038265585899353
821,822,6,1,relu,tanh,Adagrad,0.1,20,0.7901147305497569,0.5172684192657471
822,823,6,1,relu,tanh,Adam,0.001,20,0.6114732728835365,0.6710164546966553
823,824,6,1,relu,tanh,Adam,0.01,20,0.7217571888838309,0.5644623041152954
824,825,6,1,relu,tanh,Adam,0.1,20,0.6938718083889182,0.5692700147628784
825,826,6,1,relu,tanh,Adamax,0.001,20,1.5300593656872281,0.48773548007011414
826,827,6,1,relu,tanh,Adamax,0.01,20,1.854832266526095,0.5859497785568237
827,828,6,1,relu,tanh,Adamax,0.1,20,6.366591305335986,0.49656593799591064
828,829,6,1,relu,tanh,Ftrl,0.001,20,7.6534501933602375,0.5038265585899353
829,830,6,1,relu,tanh,Ftrl,0.01,20,1.5172823581441044,0.5038265585899353
830,831,6,1,relu,tanh,Ftrl,0.1,20,1.4314290300081813,0.5038265585899353
831,832,6,1,relu,tanh,Nadam,0.001,20,0.7053391300902074,0.5861459970474243
832,833,6,1,relu,tanh,Nadam,0.01,20,0.7193634435183587,0.5148155689239502
833,834,6,1,relu,tanh,Nadam,0.1,20,0.7220906962405195,0.5313971638679504
834,835,6,1,relu,tanh,RMSprop,0.001,20,0.6109367311468679,0.6620879173278809
835,836,6,1,relu,tanh,RMSprop,0.01,20,0.6036910289310773,0.6682692170143127
836,837,6,1,relu,tanh,RMSprop,0.1,20,7.6534501933602375,0.5038265585899353
837,838,6,1,relu,tanh,SGD,0.001,20,0.6517893366012693,0.6133241653442383
838,839,6,1,relu,tanh,SGD,0.01,20,0.6867764481757088,0.5436617136001587
839,840,6,1,relu,tanh,SGD,0.1,20,7.6534501933602375,0.5038265585899353
840,841,6,1,relu,relu,Adadelta,0.001,20,5.825472241106737,0.5012755393981934
841,842,6,1,relu,relu,Adadelta,0.01,20,1.4079728697308191,0.4752747118473053
842,843,6,1,relu,relu,Adadelta,0.1,20,1.1534433746637318,0.5312990546226501
843,844,6,1,relu,relu,Adagrad,0.001,20,2.0819543957523123,0.5452315807342529
844,845,6,1,relu,relu,Adagrad,0.01,20,4.864884153827206,0.4670329689979553
845,846,6,1,relu,relu,Adagrad,0.1,20,1.1922192164642658,0.49764519929885864
846,847,6,1,relu,relu,Adam,0.001,20,0.7289450741263349,0.5317896604537964
847,848,6,1,relu,relu,Adam,0.01,20,0.7589286708944072,0.4675235450267792
848,849,6,1,relu,relu,Adam,0.1,20,0.6704277933298887,0.602531373500824
849,850,6,1,relu,relu,Adamax,0.001,20,4.043976595487849,0.5037283897399902
850,851,6,1,relu,relu,Adamax,0.01,20,1.4999225628993575,0.5180533528327942
851,852,6,1,relu,relu,Adamax,0.1,20,4.454381218510482,0.5180533528327942
852,853,6,1,relu,relu,Ftrl,0.001,20,1.5450777566788523,0.5037283897399902
853,854,6,1,relu,relu,Ftrl,0.01,20,1.6518057603476748,0.5038265585899353
854,855,6,1,relu,relu,Ftrl,0.1,20,1.6525976953551385,0.5038265585899353
855,856,6,1,relu,relu,Nadam,0.001,20,0.8015659452420388,0.5317896604537964
856,857,6,1,relu,relu,Nadam,0.01,20,1.221218856762118,0.5055926442146301
857,858,6,1,relu,relu,Nadam,0.1,20,0.6851730017310221,0.5778061151504517
858,859,6,1,relu,relu,RMSprop,0.001,20,0.8295578946311208,0.5483712553977966
859,860,6,1,relu,relu,RMSprop,0.01,20,0.595643048851606,0.680533766746521
860,861,6,1,relu,relu,RMSprop,0.1,20,0.6313456131300335,0.6480572819709778
861,862,6,1,relu,relu,SGD,0.001,20,0.6511156242720935,0.6217621564865112
862,863,6,1,relu,relu,SGD,0.01,20,0.6429085931748011,0.6256868243217468
863,864,6,1,relu,relu,SGD,0.1,20,0.6206081235427497,0.6539442539215088
